1945,1946,1947,1948,1949,1950,1951,1952,1953,1954,1955,1956,1957,1958,1959,1960,1961,1962,1963,1964,1965,1966,1967,1968,1970,1970-71,1971-72,1972-73,1973-74,1974-75,1975-76,,,,,,,,,,,,,,,,,,,,,,,,,,,,4D Design Group,4D Design Group,4D Design Group,,,,,,,,,,,,,,,,,,,,,,,,,,,,,,,,,,,,,,,,,,,,,,,,,,,,,,,Abernethy R E,Abernethy R E,Abernethy R E,Abernethy R E,Abernethy R E,Abernethy R E,,,,,,,,,,,,,,,,,,,,,,,,,,,,,,,,,,,,,,,,,,,,,,,,,,,,,,,,,,,,Abernethy Ray & Associates,,,,,,,,,,,,,,,,,,,,,,,,,,,,,,Addison & Son (G H) & Macdonald,Addison & Son (G H) & Macdonald,Addison Geo F,Addison Geo F,Addison Geo F,,,,,,,,,,,,,,,,,,,,,,,,,,,,,,,,,,,,,,,,,,,,,,,,,,,,,,,,,,,,,,,,,,,,,,,,,,,,,,,,,,,,Ainsley & Bell,Ainsley & Bell,Ainsley & Bell,,,,,,,,,,,,,,,,,,,,,,,,,,,,,,,,,,,,,,,,,,,,,,,,,,,,,Airey A L,Airey A L,,,,,,,,,,,,,,,,,,,,,,,,,,,,,,,,,,,,,,,,,,,,,,,,,,,,,,,,,,,,Akers R G,,,,,,,,,,,,,,,,,,,,,,,,,,,,,,,,,,,,,,,,,,,,,,,,,,,,,,,,,,,,,,Akers Robert,Akers Robert,Akers Robert,Akers Robert,,,,,,,,,,,,,,,,,,,,,,,,,,,,,,,,,,,,,,,,,,,,,,,,,,,,,,,,Akers Robert G,,,,,,,,,,,,,,,,,,,,,,,,,,,,,,,,,,,,,,,,,,,,,,,,,,,,,,,,,,,,,,,,,Akers Tan & Associates,,,,,,,,,,,,,,,,,,,,,,,,,,,,,,,,,,,,,,,,,,,,,,Allom J N,Allom J N,Allom J N,Allom J N,Allom J N,Allom J N,Allom J N,Allom J N,Allom J N,Allom J N,Allom J N,Allom J N,Allom J N,Allom J N,,,,,,,,,,,,,,,,,,,,,,,,,,,,,,,,,,,,,,,,,,,,,,,,,,,,,,,,,,,Anderws John International Pty Ltd,Anderws John International Pty Ltd,Anderws John International Pty Ltd,,,,,,,,,,,,,,,,,,,,,,,,,,,,,,,Architect's Group,Architect's Group,Architect's Group,Architect's Group,Architect's Group,,,,,,,,,,,,,,,,,,,,,,,,,,,,,,,,,,,,,,,,,,,,,,,,,,,,,,,,,,,,,,,,,,,,,,,Arcon,,,,,,,,,,,,,,,,,,,,,,,,,,,,,,,,,,,,,,,,,,,,,,,,,,,,,,,,,,,,Armstrong Jas,Armstrong Jas,Armstrong Jas,Armstrong Jas,Armstrong Jas,Armstrong Jas,Armstrong Jas,Armstrong Jas,,Armstrong Jas,Armstrong Jas,Armstrong Jas,Armstrong Jas,Armstrong Jas,Armstrong Jas,,,,,,,,,,,,,,,,,,,,,,,,,,,,,,,,,,,,,,,,,,,,,,,,,,,,,,,,,,,,Arnold Smith & Jones,,,,,,,,,,,,,,,,,,,,,,,,,,,,,,,Arundel J N,,,,Arundel J N,Arundel J N,Arundel J N,Arundel J N,Arundel J N,Arundel J N,Arundel J N,Arundel J N,Arundel J N,Arundel J N,Arundel J N,Arundel J N,,,,,,,,,,,,,,,,,,,,,,,,,,,,,,,,,,,,,,,,,,,,,,,,,,,,,,,,,,,,,Arundel Jas N,Arundel Jas N,Arundel Jas N,Arundel Jas N,Arundel Jas N,Arundel Jas N,Arundel Jas N,Arundel Jas N,Arundel Jas N,Arundel Jas N,Arundel Jas N,Arundel Jas N,Arundel Jas N,Arundel Jas N,,,,,,,,,,,,,,,,,,,,,,,,,,,,,,,,,,,,,,,,,,,,,,,,,,,,,,,,,,Bacon K J,Bacon K J,Bacon K J,,,,,,,,,,,,,,,,,,,,,,,,,,,,,,,,,,,,,,,,,,,,,,,,,,,,,,,,,,,Bailey R E,Bailey R E,,,,,,,,,,,,,,,,,,,,,,,,,,,,,,,,,,,,,,,,,,,,,,,,,,,,,Baker K L,Baker K L,Baker K L,Baker K L,Baker K L,,,Baker K L,,,,,,,,,,,,,,,,,,,,,,,,,,,,,,,,,,,,,,,,,,,,,,,,,,,,,,,,Baker R G,Baker R G,Baker R G,Baker R G,Baker R G,,,,,,,,,,,,,,,,,,,,,,,,,,,,,,,,,,,,,,,,,,,,,,Balchin C C,Balchin C C,Balchin C C,Balchin C C,Balchin C C,Balchin C C,Balchin C C,Balchin C C,,,,,,,,,,,,,,,,,,,,,,,,,,,,,,,,,,,,,,,,,,,,,,,,,,,,,,,,Balchin Colin C,Balchin Colin C,Balchin Colin C,Balchin Colin C,Balchin Colin C,Balchin Colin C,Balchin Colin C,Balchin Colin C,Balchin Colin C,Balchin Colin C,Balchin Colin C,Balchin Colin C,,,,,,,,,,,,,,,,,,,,,,,,,,,,,,,,,,,,,,,,,,,,,,,,,,,,,,,,,,Balchin Colin C & Associates,,,,,,,,,,,,,,,,,,,,,,,,,,,,,,,,,,,,Banfield Gordon,,,,,,,,,,,,,,,,,,,,,,,,,,,,,,,,,,,,,,,,,,,,,,,,,,,,,,,,,,,,,,,Banfield Gordon D,,,,,,,,,,,,,,,,,,,,,,,,,,,,,,,,,,,,,,,,,,,,,,,,,,,,,,,,,,,,,,,,,,,,,,,Barclay R L,Barclay R L,,,,,,,,,,,,,,,,,,,,,,,,,,,,,,,,,,,,,,,,,,,,,,,,,,,,,,,,,,,,,,,,,,,,,,,Barraclough J H,,,,,,,,,,,,,,,,,,,,,,,,,,,,,,,,,,,,,,,,,,,,,,,,,,,,,,,,,,Bartlett Douglas,Bartlett Douglas,,,,,,,,,,,,,,,,,,,,,,,,,,,,,,,,,,,,,,,,,,,,,,,,,,,,,,,,,,,,Bechervaise Harry,,,,,,,,,,,,,,,,,,,,,,,,,,,,,,,,,,,,,,,,,,,,,,,Beck H M,,Beck H M,Beck H M,Beck H M,Beck H M,Beck H M,,,,,,,Beck H M,,,,,,,,,,,,,,,,,,,,,,,,,,,,,,,,,,,,,,,,,,,,,,,,,,,,,,Beck H M & Assct,Beck H M & Assct,Beck H M & Assct,,,,,,,,,,,,,,,,,,,,,,,,,,,,,,,,,,,,,,,,,,,,,,,Beck Hugh M,Beck Hugh M,Beck Hugh M,Beck Hugh M,,,,,,Beck Hugh M,Beck Hugh M,,,,,,,,,,,,,,,,,,,,,,,,,,,,,,,,,,,,,,,,,,,,,,,,,,,,,,,,,Beck Hugh M & Pavlyshyn R,Beck Hugh M & Pavlyshyn R,,,,,,,,,,,,,,,,,,,,,,,,,,,,,,,,,,,,,,,,,,,,,,,,,,,,,,,,,,,Belcher R E,Belcher R E,Belcher R E,Belcher R E,Belcher R E,Belcher R E,Belcher R E,Belcher R E,Belcher R E,Belcher R E,Belcher R E,Belcher R E,,,,,,,,,,,,,,,,,,,,,,,,,,,,,,,,,,Bell & Drewe,,,,,,,,,,,,,,,,,,,,,,,,,,,,,,,,,,,,,,,,,,,,,,,,,,,,,,,,,,,,,,Bell David B,Bell David B,,,Bell David B,Bell David B,Bell David B,Bell David B,Bell David B,,,,,,,,,,,,,,,,,,,,,,,,,,,,,,,,,,,,,,,,,,,,,,,,,,,,,,,,,,,,,Bell David B & Associates,Bell David B & Associates,Bell David B & Associates,Bell David B & Associates,Bell David B & Asscts,Bell David B & Asscts,Bell David B & Asscts,,,,,,,,,,,,,,,,,,,,,,,,,,,,,,,,,,,,,,,,,,,,,,,,,,,,,,,,,,,,,,,Bell G N,Bell G N,Bell G N,Bell G N,Bell G N,Bell G N,Bell G N,,,,,,,,,,,,,,,,,,,,,,,,,,,,,,,,,,,,,,,,,,,,,,,,,,,,,,,,Bennett Lloyd & Associates Pty Ltd,Bennett Lloyd & Associates Pty Ltd,Bennett Lloyd & Associates Pty Ltd,Bennett Lloyd & Associates Pty Ltd,Bennett Lloyd & Associates Pty Ltd,,,,,,,,,,,,,,,,,,,,,,,,,,,,,,,,,,,,,,,,,,,,,,,,,,,,,,,,,Bennetts D J,Bennetts D J,Bennetts D J,Bennetts D J,,,,,,,,,,,,,,,,,,,,,,,,,,,,,,,,,,,,,,,,,,,,,,,,,,,,,,,,,,,,Berkman G M,,,,,,,,,,,,,,,,,,,,,,,,,,,,,,,,,,,,,,,,,,,,,,,Birrel J P,Birrel J P,Birrel J P,Birrel J P,Birrel J P,Birrel J P,Birrel J P,,,,,,,,,,,,,,,,,,,,,,,,,,,,,,,,,,,,,,,,,,,,,,,,,,,,,,,,,,Birrel James & Partners,Birrel James & Partners,Birrel James & Partners,Birrel James & Partners,Birrel James & Partners,Birrel James & Partners,Birrel James & Partners,Birrel James & Partners,Birrel James & Partners,,,,,,,,,,,,,,,,,,,,,,,,,,,,,,,,,,,,,,,,,,,,,,,,,,,,,,,,,,,,,Birrel James Architect & Town Planner,,,,,,,,,,,,,,,,,,,,,,,,,,,,,,Blackburne & Gzell,Blackburne & Gzell,Blackburne & Gzell,,,Blackburne & Gzell,Blackburne & Gzell,,,,,,,,,,,,,,,,,,,,,,,,,,,,,,,,,,,,,,,,,,,,,,,,,,,,,,,,,,,,,,,Blackburne G A,Blackburne G A,Blackburne G A,Blackburne G A,Blackburne G A,Blackburne G A,Blackburne G A,Blackburne G A,Blackburne G A,Blackburne G A,Blackburne G A,Blackburne G A,,,,,,,,,,,,,,,,,,,,,,,,,,,,,,,,,,,,,,,,,,,,,,,,,,,,,,,,,,,,,Blackburne G A & Asscts,Blackburne G A & Asscts,Blackburne G A & Asscts,Blackburne G A & Asscts,Blackburne G A & Asscts,Blackburne G A & Asscts,Blackburne G A & Asscts,Blackburne G A & Asscts,Blackburne G A & Asscts,Blackburne G A & Asscts,,,,,,,,,,,,,,,,,,,,,,,,,,,,,,,,,,,,,,,,,,,,,,,,,,,,,,,,,,,Blackburne J C,Blackburne J C,,,,,,,,,,,,,,,,,,,,,,,,,,,,,,,,,,,,,,,,,,,,,,Bland R A,Bland R A,Bland R A,Bland R A,Bland R A,,Bland R A,Bland R A,Bland R A,Bland R A,Bland R A,Bland R A,Bland R A,Bland R A,Bland R A,,,,,,,,,,,,,,,,,,,,,,,,,,,,,,,,Bligh & Jessup,Bligh & Jessup,Bligh & Jessup,Bligh & Jessup,Bligh & Jessup,Bligh & Jessup,Bligh Jessup & Partners,Bligh Jessup & Partners,Bligh Jessup & Partners,Bligh Jessup & Partners,,,,,,,,,,,,,,,,,,,,,,,,,,,,,,,,,,,,,,,,,,,,,,,,,,,,,,,,,,,,,,,,,,,,,,,,,,,,,,Bligh Arthur,,,,,,,,,,,,,,,,,,,,,,,,,,,,,,,,,,,,,,,,,,,Bligh Jessup Bretnall & Partners,Bligh Jessup Bretnall & Partners,Bligh Jessup Bretnall & Partners,Bligh Jessup Bretnall & Partners,Bligh Jessup Bretnall & Partners,Bligh Jessup Bretnall & Partners,Bligh Jessup Bretnall & Partners,Bligh Jessup Bretnall & Partners,Bligh Jessup Bretnall & Partners,Bligh Jessup Bretnall & Partners,Bligh Jessup Bretnall & Partners,Bligh Jessup Bretnall & Partners,Bligh Jessup Bretnall & Partners,Bligh Jessup Bretnall & Partners,Bligh Jessup Bretnall & Partners,,,,,,,,,,,,,,,,,,,,,,,,,,,,,,,,,,,,,,,,,,,,,,,,,,,,,,,,,,,,,Bligh Jessup Bretnall & Partners Pty Ltd,Bligh Jessup Bretnall & Partners Pty Ltd,Bligh Jessup Bretnall & Partners Pty Ltd,Bligh Jessup Bretnall & Partners Pty Ltd,,,,,,,,,,,,,,,,,,,,,,,,,,,,,,,,,,,,,,,,,,,,,,,,,,,,,,,,,Blow Wayne,Blow Wayne,Blow Wayne,Blow Wayne,,,,,,,,,,,,,,,,,,,,,,,,,,,,,,,,,,,,,,,,,,,,,,,,,,,,,,Booker Alan,,,,,,,,,,,,,,,,,,,,,,,,,,,,,,,,,,,,,,,,,,,,,,,,,,,,,,,,Bouel Eugene,Bouel Eugene,Bouel Eugene,Bouel Eugene,,,Bouel Eugene,Bouel Eugene,Bouel Eugene,Bouel Eugene,Bouel Eugene,,,,,,,,,,,,,,,,,,,,,,,,,,,,,,,,,,,,,,,,,,,,,,,,,,,,Boyer S N,Boyer S N,Boyer S N,Boyer S N,Boyer S N,Boyer S N,Boyer S N,Boyer S N,,,,,,,,,,,,,,,,,,,,,,,,,,,,,,,,,,,,,,,,,,,,,,,Boys G B,Boys G B,Boys G B,Boys G B,Boys G B,Boys G B,,,,,,,,,,,,,,,,,,,,,,,,,,,,,,,,,,,,,,,,,,,,,,,,,Bretnall Athol W,Bretnall Athol W,,,,,,,,,,,,,,,,,,Bretnall Athol W,,,,,,,,,,,,,,,,,,,,,,,,,,,,,,,,,,,,,,,,,,,,,,,,,,,,,,,,Briggs Gordon,Briggs Gordon,Briggs Gordon,Briggs Gordon,Briggs Gordon,Briggs Gordon,,,,,,,,,,,,,,,,,,,,,,,,,,,,,,,,,,,,,,,,,,,,,,"Briggs, Peterson & Burnett","Briggs, Peterson & Burnett","Briggs, Peterson & Burnett","Briggs, Peterson & Burnett","Briggs, Peterson & Burnett","Briggs, Peterson & Burnett","Briggs, Peterson & Burnett","Briggs, Peterson & Burnett","Briggs, Peterson & Burnett","Briggs, Peterson & Burnett","Briggs, Peterson & Burnett","Briggs, Peterson & Burnett","Briggs, Peterson & Burnett","Briggs, Peterson & Burnett","Briggs, Peterson & Burnett",,,,,,,,,,,,,,,,,,,,,,,,,,,,,,,,,,,,,,,,,,,,,,,,,,,,Brooks R L,Brooks R L,Brooks R L,,,,,,,,,,,,,,,,,,,,,,,,,,,,,,,,,,,,,,,,,,,,,,,,,,,,,,,,,,,,,,,,,,Brown Brewer & Greogory,,,,,,,,,,,,,,,,,,,,,,,,,,,,,,,,,,,,,,,,,,,,,,,,,,,,,,,,Brown R A,Brown R A,Brown R A,Brown R A,Brown R A,,,,,,,,,,,,,,,,,,,,,,,,,,,,,,,,Brown V M,Brown V M,Brown V M,,,,,,,,,,,,,,,,,,,,,,,,,,,,,,,,,,,,,,,,,,,,,,,,,,,,,,,,,,,,,,,,,,,,,,,,,,,,,,,,Bryce Michael & Asscts,Bryce Michael & Asscts,Bryce Michael & Asscts,Bryce Michael & Asscts,Bryce Michael & Asscts,Bryce Michael & Associates,Bryce Michael & Associates,,,,,,,,,,,,,,,,,,,,,,,,,,,,,,,,,,,,,,,,,,,,,,,,,,,,,,,,,,,Buchan Laird & Walker,Buchan Laird & Walker,,,,,,,,,,,,,,,,,,,,,,,,,,,,,,,,,,,,,,,,,,,,,,Buchanan & Walker,Buchanan & Walker,Buchanan & Walker,Buchanan & Walker,Buchanan & Walker,Buchanan & Walker,Buchanan & Walker,Buchanan & Walker,Buchanan & Walker,Buchanan & Walker,Buchanan & Walker,Buchanan & Walker,Buchanan & Walker,Buchanan & Walker,Buchanan & Walker,,,,,,,,,,,,,,,,,,,,,,,,,,,,,,,,,,,,,,,,,,,,Buchanan E M,Buchanan E M,,,,,,,,,,,,,,,,,,,,,,,,,,,,,,,,,,,,,,,,,,,,,,,,,,,,,,,,,,,,,,,,,,,,,,Buchanan Eric,Buchanan Eric,Buchanan Eric,Buchanan Eric,,,,,,,,,,,,,,,,,,,,,,,,,,,,,,,,,,,,,,,,,,,,,,,,,,,,,,,,,,,,,,Bullpitt E M,,,,,,,,,,,,,,,,,,,,,,,,,,,,,,,,,,,,,,,,,,,,,,,,,,,,,,,,Burgess R E,Burgess R E,,Burgess R E,Burgess R E,,,,,,,,,,,,,,,,,,,,,,,,,,,,,,,,,,,,,,,,,,,,,,,,,,,,,,,,Burke G J,Burke G J,Burke G J,Burke G J,Burke G J,,,,,,,,,,,,,,,,,,,,,,,,,,,,,,,,,,,,,,,,,,,,,,,,,,,,,,,,,,Burke Graham & Associates,Burke Graham & Associates,Burke Graham & Associates,,,,,,,,,,,,,,,,,,,,,,,,,,,,,,,,,,,,,,,,,,,,,,,,,,,,,,,Burke R A,Burke R A,,,,,,,,,,,,,,,,,,,,,,,,,,,,,,,,,,,,,,,,,,,,,,,,,,,,,,,,,,,,,Burke Raymond,Burke Raymond,Burke Raymond,Burke Raymond,,,,,,,,,,,,,,,,,,,,,,,,,,,,,,,,,,,,,,,,,,,,,,,,,,,,,,,Burnett N R,Burnett N R,Burnett N R,Burnett N R,Burnett N R,Burnett N R,,,,,,,,,,,,,,,,,,,,,,,,,,,,,,,,,,,,,,,,,,,,,,,Burrows G M,,,,Burrows G M,Burrows G M,Burrows G M,Burrows G M,Burrows G M,Burrows G M,Burrows G M,Burrows G M,Burrows G M,Burrows G M,,,,,,,,,,,,,,,,,,,,,,,,,,,,,,,,,,,,,,,,,,,,,,Butler G S,Butler G S,Butler G S,Butler G S,Butler G S,Butler G S,Butler G S,Butler G S,Butler G S,Butler G S,Butler G S,,,,,,,,,,,,,,,,,,,,,,,,,,,,,,,,,,,,,,,,,,,,,,Butler George S,Butler George S,,,,,,,,,,,,,,,,,,,,,,,,,,,,,,,,,,,,,,,,,,,,,,,,,,,,,,,,,,,,,,,Butt E A,Butt E A,Butt E A,Butt E A,Butt E A,Butt E A,Butt E A,Butt E A,Butt E A,Butt E A,Butt E A,Butt E A,,,,,,,,,,,,,,,,,,,,,,,,,,,,,,,,,,,,,,,,,,,,,,,,,,,,,,,,,,,,,Butt Edwin A,Butt Edwin A,Butt Edwin A,,,,,,,,,,,,,,,,,,,,,,,,,,,,,,,,,,,,,,,,,,,,,,,,,,,,,,,,,Callaghan D,,,,,,,,,,,,,,,,,,,,,,,,,,,,,,,,,,,,,,,,,,,,,,,,,,,,,,,,,,,,Callaghan Daniel,Callaghan Daniel,Callaghan Daniel,Callaghan Daniel,,,,,,,,,,,,,,,,,,,,,,,,,,,,,,,,,,,,,,,,,,,,,,,,,,Campbell Dogulas,,,,,,,,,,,,,,,,,,,,,,,,,,,,,,,,,,,,,,,,,,,,,,,,,,,,,,,,,,,,,Campbell Douglas W,Campbell Douglas W,Campbell Douglas W,Campbell Douglas W,Campbell Douglas W,Campbell Douglas W,Campbell Douglas W,Campbell Douglas W,Campbell Douglas W,,,,,,,,,,,,,,,,,,,,,,,,,,,,,,,,,,,,,,,,,,,,,,,,,,,,,,,Cardillo M A,Cardillo M A,Cardillo M A,Cardillo M A,Cardillo M A,Cardillo M A,Cardillo M A,,,,,,,,,,,,,,,,,,,,,,,,,,,,,,,,,,,,,,,,,,,,,,Carlyle H J,Carlyle H J,Carlyle H J,,,,,,,,,,,,,,,,,,,,,,,,,,,,,,,,,,,,,,,,,,,,,,,,,,,,,,,,,,,,,,Carr W H,,,,,Carr W H,Carr W H,Carr W H,Carr W H,Carr W H,Carr W H,,,,,,,,,,,,,,,,,,,,,,,,,,,,,,,,Cavanagh & Cavanagh,Cavanagh & Cavanagh,Cavanagh & Cavanagh,,Cavanagh & Cavanagh,,,,,,,,,,,,,,,,,,,,,,,,,,,,,,,,,,,,,,,,,,,,,,,,,,,,,,Chambers & Ford,Chambers & Ford,Chambers & Ford,Chambers & Ford,Chambers & Ford,Chambers and Ford,Chambers & Ford,,,,,,,,,,,,,,,,,,,,,,,,,,,,,,,,,,,,,,,,,,,,,,,,,,,,,,,,,,,,,,,,,,,,,,,,,,,,,,,Chambers N Rodney,Chambers N Rodney,Chambers N Rodney,Chambers N Rodney,Chambers N Rodney,Chambers N Rodney,,,,,,,,,,,,,,,,,,,,,,,,,,,,,,,,,,,,,,,,,,,,,,,,,,,,,,,,,,Channer J N,Channer J N,,,,,,,,,,,,,,,,,,,,,,,,,,,,,,,,,,,,,,,,,,,,,,,Charlton I D,Charlton I D,Charlton I D,Charlton I D,Charlton I D,,,,,,,,,Charlton I D,Charlton I D,,,,,,,,,,,,,,,,,,,,,,,,,,,,,,,,,,,,,,,,,,,,,,,,,,,,,,,,,,Cheesman David,Cheesman David,Cheesman David,,,,,,,,,,,,,,,,,,,,,,,,,,,,,,,,,,,,,,,,,,,,,,,,,,,,,,Chen Spencer,Chen Spencer,Chen Spencer,Chen Spencer,,,,,,,,,,,,,,,,,,,,,,,,,,,,,,,,,,,,,,,,,,,,,,,,,,,,,,,,,,,,Cheong K Q,Cheong K Q,Cheong K Q,,,,,,,,,,,,,,,,,,,,,,,,,,,,,,,,,,,,,,,,,,,,,Chiverrell F E,,,,,,,,,,Chiverrell F E,,,,,,,,,,,,,,,,,,,,,,,,,,,,,,,,,,,,,,,,,,,,,,,,,,,Chiverrell F E & Rubis J V,Chiverrell F E & Rubis J V,Chiverrell F E & Rubis J V,Chiverrell F E & Rubis J V,Chiverrell F E & Rubis J V,Chiverrell F E & Rubis J V,Chiverrell F E & Rubis J V,Chiverrell F E & Rubis J V,Chiverrell F E & Rubis J V,,,,,,,,,,,,,,,,,,,,,,,,,,,,,,,,,,,,,,,,,,,,,,,,,,,,,,,,,,,,,,Christopherson Peter F,Christopherson Peter F,Christopherson Peter F,Christopherson Peter F,Christopherson Peter F,Christopherson Peter F,,,,,,,,,,,,,,,,,,,,,,,,,,,,,,,,,,,,,,,,,,,,,,,,,,,,,,,,,,,,Clarke Gazzard Planners Pty Ltd,,,,,,,,,,,,,,,,,,,,,,,,,,,,,,,,,,,,,,,,,,,,,,,,,,,,,,,Clarke Gazzard Pty Ltd,Clarke Gazzard Pty Ltd,Clarke Gazzard Pty Ltd,Clarke Gazzard Pty Ltd,Clarke Gazzard Pty Ltd,Clarke Gazzard Pty Ltd,,,,,,,,,,,,,,,,,,,,,,,,,,,,,,,,,,,,,,,,,,,,,,,,,,,,,,,Clarke Graham,,,,,,,,,,,,,,,,,,,,,,,,,,,,,,,,,,,,,,,,,,,,,,,,,,,,,,,,,,,,,,Clarke Robert C,Clarke Robert C,Clarke Robert C,Clarke Robert C,,,,,,,,,,,,,,,,,,,,,,,,,,,,,,,,,,,,,,,,,,,,,,,,,,,,,,,Clarkson I H M,Clarkson I H M,Clarkson I H M,Clarkson I H M,Clarkson I H M,Clarkson I H M,,,,,,,,,,,,,,,,,,,,,,,,,,,,,,,,,,,,,,,,,,,,,,Clayton R V,Clayton R V,Clayton R V,Clayton R V,,,,,,,,,,,,,,,,,,,,,,,,,,,,,,,,,,,,,,,,,,,,,,,,,,,,,,,,,,,,,,,,Codd E T,Codd E T,Codd E T,Codd E T,Codd E T,Codd E T,Codd E T,Codd E T,,,,,,,,,,,,,,,,,,,,,,,,,,,,,,,,,,,,,,,,,,,,,,,,,,,,,Codd Hopgood & Asscts Pty Ltd,Codd Hopgood & Asscts Pty Ltd,Codd Hopgood & Asscts Pty Ltd,Codd Hopgood & Asscts Pty Ltd,Codd Hopgood & Asscts Pty Ltd,Codd Hopgood & Asscts Pty Ltd,Codd Hopgood & Asscts Pty Ltd,Codd Hopgood & Associates Pty Ltd,,,,,,,,,,,,,,,,,,,,,,,,,,,,,,,Coleman Oliver E,Coleman Oliver E,Coleman Oliver E,Coleman Oliver E,Coleman Oliver E,,,,Coleman O E,,,,,,,Coleman O E,Coleman O E,Coleman O E,Coleman O E,Coleman O E,Coleman O E,Coleman O E,Coleman O E,Coleman O E,Coleman O E,Coleman O E,Coleman O E,Coleman O E,Coleman O E,,,,,,,,,,,,,,,,,,,,,,,,,,,,,,,,,,,,,,,,,Coleman Oliver E,,,,,,,,,,,,,,,,,,,,,,,,,,,,,,,,,,,,,,,,,,,,,,,,,,,,,,,,,,,,,,,,,,,,,,,,,,,,,Collin & May,,,,,,,,,,,,,,,,,,,,,,,,,,,,,,,,,,,,,,,,,,,,,,,,,,,,,,,,,,,,,Collin & May Architects,Collin & May Architects,Collin & May Architects,,,,,,,,,,,,,,,,,,,,,,,,,,,,,,,,,,,,,,,,,,,,,,Collin J M & Fulton CWT,Collin J M & Fulton CWT,Collin J M & Fulton CWT,Collin J M & Fulton CWT,Collin J M & Fulton CWT,Collin J M & Fulton CWT,,,,,,,,,,,,,,,,,,,,,,,,,,,,,,,,,,,,,,,,,,,,,,,,,,,,,,,,,,,,,,,,,,,,,Collins G W,,,,,,,,,,,,,,,,,,,,,,,,,,,,,,,,,,,,,,,,,,,,,,,,,,,,,,,,,,,Collins J T,Collins J T,,,,,,,,,,,,,,,,,,,,,,,,,,,,,,Conrad & Gargett,Conrad & Gargett,Conrad & Gargett,Conrad & Gargett,Conrad & Gargett,Conrad A H & Gargett T B F,Conrad A H & Gargett T B F,Conrad A H & Gargett T B F,Conrad A H & Gargett T B F,Conrad A H & Gargett T B F,Conrad A H & Gargett T B F,Conrad A H & Gargett T B F,Conrad A H & Gargett T B F,Conrad A H & Gargett T B F,Conrad A H & Gargett T B F,Conrad A H & Gargett T B F,,,,,,,,,,,,,,,,,,,,,,,,,,,,,,,,,,,,,,,,,,,,,,,,,,,,,,,,,,,,,Conrad & Gargett,Conrad & Gargett,Conrad & Gargett,Conrad & Gargett,Conrad & Gargett,,,,,,,,,,,,,,,,,,,,,,,,,,,,,,,,,,,,,,,,,,,,,,,,,,,,,,,,,,,,,Conrad & Gargett & Partners,Conrad & Gargett & Partners,Conrad & Gargett & Partners,Conrad & Gargett & Partners,Conrad & Gargett & Partners,Conrad & Gargett & Partners,Conrad & Gargett & Partners,,,,,,,,,,,,,,,,,,,,,,,,,,,,,,,,,,,,,,,,,,,,,,,,,,,,,,,,,,,,,Conrad & Gargett & Partners Pty Ltd,Conrad & Gargett & Partners Pty Ltd,Conrad & Gargett & Partners Pty Ltd,,,,,,,,,,,,,,,,,,,,,,,,,,,,,,,,,,,,,,,,,,,,,,,,,,,,,,,,,,,Conrad Esler & Simpson Pty Ltd,Conrad Esler & Simpson Pty Ltd,,,,,,,,,,,,,,,,,,,,,,,,,,,,,,,,Conrad Martin,Conrad Martin,Conrad Martin,Conrad Martin,Conrad Martin,,,,,,,,,,Conrad Martin,Conrad Martin,Conrad Martin,Conrad Martin,Conrad Martin,Conrad Martin,Conrad Martin,Conrad Martin,Conrad Martin,Conrad Martin,Conrad Martin,Conrad Martin,Conrad Martin,Conrad Martin,Conrad Martin,,,,,,,,,,,,,,,,,,,,,,,,,,,,,,,,,,,,,,,,,,,,,,Conrad W A H,Conrad W A H,Conrad W A H,Conrad W A H,Conrad W A H,Conrad W A H,Conrad W A H,Conrad W A H,Conrad W A H,Conrad W A H,Conrad W A H,Conrad W A H,Conrad W A H,Conrad W A H,Conrad W A H,,,,,,,,,,,,,,,,,,,,,,,,,,,,,,,,,,,,,,,,,,,,,,,,,,,,,,,,,,,,Consultant Group Practice Pty Ltd,,,,,,,,,,,,,,,,,,,,,,,,,,,,,,,,,,,,,,,,,,,,,,,,,,,,,,,,,,,,Conwell I T,,,,,,,,,,,,,,,,,,,,,,,,,,,,,,,,,,,,,,,,,,,,,,,,Cook & Kerrison & Partners,Cook & Kerrison & Partners,Cook & Kerrison & Partners,Cook & Kerrison & Partners,Cook & Kerrison & Partners,Cook & Kerrison & Partners,Cook & Kerrison & Partners,Cook & Kerrison & Partners,Cook & Kerrison & Partners,Cook & Kerrison & Partners,Cook & Kerrison & Partners,Cook & Kerrison & Partners,Cook & Kerrison & Partners,,,,,,,,,,,,,,,,,,,,,,,,,,,,,,Cook (Har M) & Kerrison (Wltr J),Cook (Har M) & Kerrison (Wltr J),Cook (Har M) & Kerrison (Wltr J),,Cook & Kerrison,Cook Harold M & Kerrison Walter J E,Cook Harold M & Kerrison Walter J E,Cook Harold M & Kerrison Walter J E,Cook Harold M & Kerrison Walter J E,Cook & Kerrison,Cook & Kerrison,Cook & Kerrison,Cook & Kerrison,Cook & Kerrison,Cook & Kerrison,Cook & Kerrison,Cook & Kerrison,Cook & Kerrison,,,,,,,,,,,,,,,,,,,,,,,,,,,,,,,,,,,,,,,,,,,,,,,,,,,,,,,,,,,,,,,,,,,,,,Cooper A J,Cooper A J,Cooper A J,,,,,,,,,,,,,,,,,,,,,,,,,,,,,,,,,,,,,,,,,,,,,,,,,,,,,,,,Cooper E R,Cooper E R,Cooper E R,Cooper E R,Cooper E R,,,,,,,,,,,,,,,,,,,,,,,,,,,,,,,,,,,,,,,,,,,,,,,Corbett & Ryan,Corbett & Ryan,Corbett & Ryan,Corbett & Ryan,Corbett & Ryan,,,,,,,,,,,,,,,,,,,,,,,,,,,,,,,,,,,,,,,,,,,,,,,,,,,,,,,,,,,,,Corbett Ryan & Walsh,Corbett Ryan & Walsh,Corbett Ryan & Walsh,,,,,,,,,,,,,,,,,,,,,,,,,,,,,,,,,,,,,,,,,,,,,,,,,,,,,Cowlishaw G O,Cowlishaw G O,Cowlishaw G O,Cowlishaw G O,Cowlishaw G O,Cowlishaw G O,Cowlishaw G O,Cowlishaw G O,Cowlishaw G O,Cowlishaw G O,Cowlishaw G O,Cowlishaw G O,,,,,,,,,,,,,,,,,,,,,,,,,,,,,,,,,,,,,,,,,,,,,,,,,Cranston D,Cranston D,Cranston D,Cranston D,Cranston D,Cranston D,Cranston D,Cranston D,Cranston D,Cranston D,,,,,,,,,,,,,,,,,,,,,,,,,,,,,,,,,,,,,,,,,,,,,,,,"Crick (Guy), Lewis & Williams","Crick (Guy), Lewis & Williams","Crick (Guy), Lewis & Williams",,,,,,,,,,,,,,,,,,,,,,,,,,,,,,,,,,,,,,,,,,,,,,,,,,,,,"Crick, Guy and Associates","Crick, Guy and Associates","Crick, Guy & Associates","Crick, Guy & Associates","Crick, Guy & Associates",,,,,,,,,,,,,,,,,,,,,,,,,,,,,,,,,,,,,,,,,,,,,,,,,,,,,,,,,,,,,,,,"Crick, Guy, Lewis & Williams","Crick, Guy, Lewis & Williams","Crick, Guy, Lewis & Williams","Crick, Guy, Lewis & Williams",,,,,,,,,,,,,,,,,,,,,,,,,,,,,,,,,,,,,,,,,,,,,,,,,,,,,,,,,Crofts E W N,Crofts E W N,Crofts E W N,Crofts E W N,Crofts E W W,Crofts E W W,Crofts E W W,Crofts E W W,Crofts E W N,Crofts E W N,Crofts E W N,Crofts E W N,Crofts E W N,Crofts E W N,Crofts E W N,,,,,,,,,,,,,,,,,,,,,,,,,,,,,,,,,,,,Cross T H A & Bain D,Cross T H A & Bain D,,,,,,,,,Cross T H A & Bain D,Cross T H A & Bain D,Cross T H A & Bain D,Cross T H A & Bain D,Cross T H A & Bain D,Cross T H A & Bain D,Cross T H A & Bain D,Cross T H A & Bain D,Cross T H A & Bain D,Cross T H A & Bain D,Cross T H A & Bain D,Cross T H A & Bain D,Cross T H A & Bain D,Cross T H A & Bain D,Cross T H A & Bain D,,,,,,,,,,,,,,,,,,,,,,,,,,,,,,,,,,,,,,,,,,,,,,,,,,,,Crump K S,Crump K S,Crump K S,Crump K S,Crump K S,Crump K S,Crump K S,Crump K S,Crump K S,,,,,,,,,,,,,,,,,,,,,,,,,,,,,,,,,,,,,,,,,,,,,,,,,,,,,,,,,Crystal Waters Aquarium,Crystal Waters Aquarium,,,,,,,,,,,,,,,,,,,,,,,,,,,,,,,,,,,,,,,,,,,,,,,,,,,,,,,,,,Cue J O,Cue J O,Cue J O,,,,,,,,,,,,,,,,,,,,,,,,,,,,,,,,,,,,,,,,,,Cullen F L,Cullen F L,Cullen F L,Cullen F L,Cullen F L,,,,,,,,,,,,,,,,,,,,,,,,,,,,,,,,,,,,,,,,,,,,,,,,,,,,,,,,,,,,,,,,,,,,,,Cullen Fagg Hargraves Mooney & Cullen,Cullen Fagg Hargraves Mooney & Cullen,Cullen Fagg Hargraves Mooney & Cullen,Cullen Fagg Hargraves Mooney & Cullen,Cullen Fagg Hargraves Mooney & Cullen,Cullen Fagg Hargraves Mooney & Cullen,Cullen Fagg Hargraves Mooney & Cullen,,,,,,,,,,,,,,,,,,,,,,,,,,,,,,Cullen Frank L,Cullen Frank L,Cullen Frank L,Cullen Frank L,Cullen Frank L,Cullen Frank L,Cullen Frank L,,,,,,,,,,Cullen Frank L,,,,,,,,,,,,,,,,,,,,,,,,,,,,,,,,,,,,,,,,,,,,,,,,,,,,,,,,,,,,,Cullen Frank L & Parters,,,,,,,,,,,,,,,,,,,,,,,,,,,,,,,,,,,,,,,,,,,,,,,,,,,,,,,,,,,,,Cullen Frank L Fagg Hargraves & Mooney,Cullen Frank L Fagg Hargraves & Mooney,Cullen Frank L Fagg Hargraves & Mooney,Cullen Frank L Fagg Hargraves & Mooney,Cullen Frank L Fagg Hargraves & Mooney,Cullen Frank L Fagg Hargraves & Mooney,,,,,,,,,,,,,,,,,,,,,,,,,,,,,,,,,,,,,,,,,,,,,,,,,,,,,,,,,,,Cullinan Michael L,Cullinan Michael L,Cullinan Michael L,Cullinan Michael L,Cullinan Michael L,Cullinan Michael L,Cullinan Michael L,Cullinan Michael L,Cullinan Michael L,,,,,,,,,,,,,,,,,,,,,,,,,,,,,,,,,,,,,,,,,,,,,,,,,,,,,,,,,,,Cunnington McKerrell,,,,,,,,,,,,,,,,,,,,,,,,,,,,,,,,,,,,,,,,,,,,,,,,,,,,,,,,,,,Curnow W J,Curnow W C,,,,,,,,,,,,,,,,,,,,,,,,,,,,,,,,,,,,,,,,,,,,,,,,,,,,,,,,Currey B J,Currey B J,,,,,,,,,,,,,,,,,,,,,,,,,,,,,,,,,,,,,,,,,,,,,,,,,Curro J & Nutter D,,,,,,,,,,,,,,,,,,,,,,,,,,,,,,,,,,,,,,,,,,,,,,,,,,,,,,,,,,,,,,Curro J R,Curro J R,Curro J R,Curro J R,Curro J R,Curro J R,,,,,,,,,,,,,,,,,,,,,,,,,,,,,,,,,,,,,,,,,,,,,,,,,,,,,,Curro Nutter & Charlton,Curro Nutter & Charlton,Curro Nutter & Charlton,Curro Nutter & Charlton,Curro Nutter & Charlton,Curro Nutter & Charlton,Curro Nutter & Charlton,Curro Nutter & Charlton,,,,,,,,,,,,,,,,,,,,,,,,,,,,,,,,,,,,,,,,,,,,,,,,,,,,,Cusick Edwards Bisset & Partners,Cusick Edwards Bisset & Partners,Cusick Edwards Bisset & Partners,Cusick Edwards Bisset & Partners,,,,,,,,,,,,,,,,,,,,,,,,,,,,,,,,,,,,,,,,,,,,,,,,,,,,,,,,,,,,,,Cusick S T,Cusick S T,Cusick S T,Cusick S T,Cusick S T,Cusick S T,Cusick S T,Cusick S T,,,,,,,,,,,,,,,,,,,,,,,,,,,,,,,,,,,,,,,,,,,,,,Dalton John,Dalton John,Dalton John,Dalton John,Dalton John,Dalton John,Dalton John,Dalton John,Dalton John,,,,,,,,,,,,,,,,,,,,,,,,,,,,,,,,,,,,,,,,,,,,,,,,,,,,,,,,,,,,,,,Dalton John Architect & Associates,Dalton John Architect & Associates,Dalton John Architect & Associates,Dalton John Architect & Associates,Dalton John Architect & Associates,Dalton John Architect & Associates,,,,,,,,,,,,,,,,,,,,,,,,,,,,,,,,,,,,,,,,,,,,,,,,,,,,,Dalton John Architect& Asscts,Dalton John Architect& Asscts,,,,,,,,,,,,,,,,,,,,,,,,,,,,,,,,,,,,,,,,,,,,,,,,,,,Davenport Edward F,,Devenport Edward F,Devenport Edward F,Devenport Edward F,Devenport Edward F,Devenport Edward F,Devenport Edward F,Devenport Edward F,Devenport Edward F,Devenport Edward F,Devenport Edward F,Devenport Edward F,Devenport Edward F,Devenport Edward F,Devenport Edward F,,,,,,,,,,,,,,,,,,,,,,,,,,,,,,,,,,,,,,,,,,,,,,,,,,,Davidson P W,,,,,,,,,,,,,,,,,,,,,,,,,,,,,,,,,,,,,,,,,,,,,,,,,,,,,,,,,,,,,,,,,,,,,Davis Heather Group The,,,,,,,,,,,,,,,,,,,,,,,,,,,,,,,,,,,,,,,,,,,,,,,,,,,,,,,,,,,,Dawson Dennis,,,,,,,,,,,,,,,,,,,,,,,,,,,,,,,,,,,,,,,,,,,,,,,,,,,,,,,,,,,,Dawson John & Associates Pty Ltd,,,,,,,,,,,,,,,,,,,,,,,,,,,,,,,,,,,,,,,,,,,,Dawson John J,Dawson John J,Dawson John J,Dawson John J,Dawson John J,Dawson John J,Dawson John J,Dawson John J,Dawson John J,Dawson John J,Dawson John J,Dawson John J,Dawson John J,Dawson John J,Dawson John J,Dawson John J,Dawson John J,,,,,,,,,,,,,,,,,,,,,,,,,,,,,,,,,,,,,,,,,,,,,,,,de Gruchy G F,de Gruchy G F,de Gruchy G F,de Gruchy G F,de Gruchy G F,de Gruchy G F,de Gruchy G F,de Gruchy G F,de Gruchy G F,de Gruchy G F,de Gruchy G F,de Gruchy G F,de Gruchy G F,,,,,,,,,,,,,,,,,,,,,,,,,,,,,,,,,,,,,,,,,,,,,,,,,,,,,,,,,,De Vries J,De Vries J,De Vries J,,,,,,,,,,,,,,,,,,,,,,,,,,,,,,,,,,,,,,,,,,,,,,,,,,,,,,,,,,,,Denham & Munro Architects Pty Ltd,,,,,,,,,,,,,,,,,,,,,,,,,,,,,,,,,,,,,,,,,,,,,,Denham V,Denham V,Denham V,Denham V,,,,,,,,,,,,,,,,,,,,,,,,,,,,,,,,,,,,,,,,,,,,,,,,,,,,,,,,,,,,,,,,,,,,,,Deshon John,Deshon John,,,,,,,,,,,,,,,,,,,,,,,,,,,,,,,,,,,,,,,,,,,,,,Devenport E F,,,,,,,,,,,,,,,,,,,,,,,,,,,,,,,,,,,,,,,,,,,,,,,,,,,,,,,,,,,,,,,,,,,Doe H E,Doe H E,Doe H E,Doe H E,Doe H E,Doe H E,Doe H E,Doe H E,,,,,,,,,,,,,,,,,,,,,,,,,,,,,,,,,,,,,,,,,,,,,,,,,,,,,,,,,,Doidge J R,Doidge J R,,,,,,,,,,,,,,,,,,,,,,,,,,,,,,,,,,,,,,,,,,,,,,,,,,,,,,,,,Donnelly J J,Donnelly J J,Donnelly J J,Donnelly J J,Donnelly J J,,,,,,,,,,,,,,,,,,,,,,,,,,,,,,Donoghue & Fulton,Donoghue & Fulton,Donoghue Cusick & Edwards,Donoghue Cusick & Edwards,Donoghue Cusick & Edwards,,,,,,,,,,,,,,,,,,,,,,,,,,,,Donoghue J P,,,,,,,,,,,,,,,,,,,,,,,,,,,,,,,,,,,,,,,,,,,,,,,,,,,,,,,,,,,,,,,,,,,,,"Donoghue J P, Cusick & Edwards","Donoghue J P, Cusick & Edwards","Donoghue J P, Cusick & Edwards",,,,,,,,,,,,,,,,,,,,,,,,,,,,,,,,,,,,,,,,,,,,,,,,,,,,,,,,,,,,,,,,,,,,,,,Douglas & Barnes & Asscts,Douglas & Barnes & Asscts,,,,,,,,,,,,,,,,,,,,,,,,,,,,,,,,,,,,,,,,,,,,,,,,,,,,,,,,,Douglas Barnes & Asscts,Douglas Barnes & Asscts,,,,,,,,,,,,,,,,,,,,,,,,,,,,,,,,,,,,,,,,,,,,,,,,,,,,,,,,,,,,Douglas W L,Douglas W L,Douglas W L,Douglas W L,Douglas W L,Douglas W L,Douglas W L,Douglas W L,,,,,,,,,,,,,,,,,,,,,,,,,,,,,,,,,,,,,,,,,,,,,Douglas W L & Barnes B,Douglas W L & Barnes B,Douglas W L & Barnes B,Douglas W L & Barnes B,Douglas W L & Barnes B,Douglas W L & Barnes B,Douglas W L & Barnes B,,,,,,,,,,,,,,,,,,,,,,,,,,,,,,,,,,,,,,,,,,,,,,,,,,,,,,,,,,,,,,,,,,,Douglas William L,Douglas William L,Douglas William L,,,,,,,,,,,,,,,,,,,,,,,,,,,,,,,,,,,,,,,,,,,,,,,,,,,,,,,,Douglas William L & Associates,Douglas William L & Associates,,,,,,,,,,,,,,,,,,,,,,,,,,,,,,,,,,,,,,,,,,,,,,,,,,,,,,Dowling Peter R,Dowling Peter R,Dowling Peter R,Dowling Peter R,Dowling Peter R,Dowling Peter R,Dowling Peter R,Dowling Peter R,Dowling Peter R,Dowling Peter R,,,,,,,,,,,,,,,,,,,,,,,,,,,,,,,,,,,,,,,,,,,,,,,,,,,,,,,,,,,Down K G,,,,,,,,,,,,,,,,,,,,,,,,,,,,,,,,,,,,,,,,,,,Drewe & Prestorius,Drewe & Prestorius,Drewe & Prestorius,Drewe & Prestorius,Drewe & Prestorius,Drewe & Prestorius,Drewe & Prestorius,Drewe & Prestorius,Drewe & Prestorius,Drewe & Prestorius,Drewe & Prestorius,Drewe & Prestorius,,,,,,,,,,,,,,,,,,,,,,,,,,,,,,,,,,,,,,,,,,,,,,,,,,,,,,,,,,,,,Drewe Kenneth H,Drewe Kenneth H,Drewe Kenneth H,Drewe Kenneth H,Drewe Kenneth H,Drewe Kenneth H,,,,,,,,,,,,,,,,,,,,,,,,,,,,,,,,,Driver Horace,Driver Horace,Driver Horace,,,,,,,,,,,,Driver Horace,Driver Horace,Driver Horace,Driver Horace,Driver Horace,Driver Horace,Driver Horace,Driver Horace,,,,,,,,,,,,,,,,,,,,,,,,,,,,,,,,,,,,,,,,,,,,,,,,,,,,,,,,,,,,Dunkley Ron C,Dunkley Ron C,Dunkley Ron C,Dunkley Ron C,Dunkley Ron C,Dunkley Ron C,,,,,,,,,,,,,,,,,,,,,,,,,,,,,,,,,,,,,,,,,,,,,,,,,,,,,,,,,,,,Dunkley Ron C Architects Pty Ltd,,,,,,,,,,,,,,,,,,,,,,,,,,,,,,,,,,,,,,,,,,,,,,,,,,,,,,,,,,,,Dutton K S,Dutton K S,Dutton K S,,,,,,,,,,,,,,,,,,,,,,,,,,,,,,,,,,,,,,,,Eales Keith & Associates,Eales Keith & Associates,,,,,,,,,,,,,,,,,,,,,,,,,,,,,,,,,,,,,,,,,,,,,,,,,,,,,,,,,,,,,,,,,,,,,,,,,,,Edmiston Robin,Edmiston Robin,Edmiston Robin,Edmiston Robin,Edmiston Robin,,,,,,,,,,,,,,,,,,,,,,,,,,,,,,,,,,,,,,,,,,,,,,,,,,,Edwards Bisset & Partners,Edwards Bisset & Partners,Edwards Bisset & Partners,Edwards Bisset & Partners,,,,,,,,,,,,,,,,,,,,,,,,,,,,,,,,,,,,,,,,,,,,,,,,,,,,,,,,,,,,,Edwards Bisset & Partners Pty Ltd,Edwards Bisset & Partners Pty Ltd,Edwards Bisset & Partners Pty Ltd,Edwards Bisset & Partners Pty Ltd,Edwards Bisset & Partners Pty Ltd,Edwards Bisset & Partners Pty Ltd,,,,,,,,,,,,,,,,,,,,,,,,,,,,,,,,,,,,,,,,,,,,,,,,,,,,,,Egan J S,Egan J S,,Egan J S,Egan J S,,,,,,,,,,,,,,,,,,,,,,,,,,,,,,,,,,,,,,,,,,,,,,,,,,,,,,,,Eglington John,Eglington John,Eglington John,Eglington John,,,,,,,,,,,,,,,,,,,,,,,,,,,,,,,,,,,,,,,,,,,,,,,,,,,,,,,,,,,,Ellick P R,,,,,,,,,,,,,,,,,,,,,,,,,,,,,,,,,,,,,,,,,,,,,,,,,,,,Ellwood G F,Ellwood G F,,,,,,,,,,,,,,,,,,,,,,,,,,,,,,,,,,,,,,,,,,,,,,,,,,,,,,,,,,,,,,,,Ellwood R R,Ellwood R R,Ellwood R R,Ellwood R R,Ellwood R R,Ellwood R R,,,,,,,,,,,,,,,,,,,,,,,,,,,,,,,,,,,,,,,,,,,,,,,,,,,,,,,,,,,,,Enborisoff Alex,,,,,,,,,,,,,,,,,,,,,,,,,,,,,,,,,,,,,,,,,,,,,,,,,,,,,,,,,,Endres L K,Endres L K,Endres L K,,,,,,,,,,,,,,,,,,,,,,,,,,,,,,,,,,,,,,,,,,,,,,,,,,,,,,,,,,,Esler R J,Esler R J,,,,,,,,,,,,,,,,,,,,,,,,,,,,,,,,,,,,,,,,,,,,,,,,,,,,,,,,Fagg A F,Fagg A F,Fagg A F,Fagg A F,Fagg A F,,,,,,,,,,,,,,,,,,,,,,,,,,,,,,,,Ferguson J St Clair,Ferguson J St Clair,Ferguson J St Clair,,,,,,,,,,,,,,,,,,,,,,,,,,,,,,,,,,,,,,,,,,,,,,,,,,,,,,,,,,,,,,,,,,,,Ferrier A Ian,Ferrier A Ian,Ferrier A Ian,Ferrier A Ian,Ferrier A Ian,Ferrier A Ian,Ferrier A Ian,Ferrier A Ian,Ferrier A Ian,Ferrier A Ian,Ferrier A Ian,,,,,,,,,,,,,,,,,,,,,,,,,,,,,,,,,,,,,,,,,,,,,,,,,,,,,,,,,,,,,Ferrier A Ian & Asscts,Ferrier A Ian & Asscts,Ferrier A Ian & Asscts,Ferrier A Ian & Asscts,Ferrier A Ian & Asscts,,,,,,,,,,,,,,,,,,,,,,,,,,,,,,,,,,,,,,,,,,,,,,,,,,,,,,,,,,,,,"Ferrier A Ian, Campbell & Struthers Pty Ltd","Ferrier A Ian, Campbell & Struthers Pty Ltd","Ferrier A Ian, Campbell & Struthers Pty Ltd",,,,,,,,,,,,,,,,,,,,,,,,,,,,,,,,,,,,,,,,,,,,,,,,,,,,,,,,Ferris J A,Ferris J A,Ferris J A,Ferris J A,Ferris J A,,,,,,,,,,,,,,,,,,,,,,,,,,,,,,,,,,,,,,,,,,,,,,,,,,,,,,,,Fiertag M E,,,,,,,,,,,,,,,,,,,,,,,,,,,,,,,,,,,,,,,,,,,,,,,,,,,,,,,,,,FitzGerald A M,,,Fitzgerald A M,Fitzgerald A M,Fitzgerald A M,,,,,,,,,,,,,,,,,,,,,,,,,,,,,,,,,,,,,,"Ford, Hutton & Newell","Ford, Hutton & Newell","Ford, Hutton & Newell","Ford, Hutton & Newell","Ford, Hutton & Newell","Ford, Hutton & Newell","Ford, Hutton & Newell",,,,,,,,,,,,,,,,,,,,,,,,,,,,,,,,,,,,,,,,,,,,,,,,,,,,,,,,,,,,,,,,,,,,,,,,,,Forrest & MacMinn,Forrest & MacMinn,Forrest & MacMinn,Forrest & MacMinn,,,,,,,,,,,,,,,,,,,,,,,,,,,,,,,,,,,,,,,,,,,,,,,,,,,,,,,,Forrest P G,,,,,,,,,,,,,,,,,,,,,,,,,,,,,,,,,,,,,,,,,,,,,Franklin R L,,,,,Franklin R L,Franklin R L,Franklin R L,Franklin R L,Franklin R L,Franklin R L,Franklin R L,Franklin R L,,Franklin R L,Franklin R L,Franklin R L,,,,,,,,,,,,,,,,,,,,,,,,,,,,,,,,,,,,,,,,,,,,,,,,,Froud R P,Froud R P,Froud R P,Froud R P,,,,,,,,,,,,,,,,,,,,,,,,,,,,,,,,,,,,,,,,,,,,,,,,,,,,,,,,,,,,,,,Fuller G J,Fuller G J,Fuller G J,Fuller G J,Fuller G J,Fuller G J,Fuller G J,Fuller G J,Fuller G J,,,,,,,,,,,,,,,,,,,,,,,,,,,,,,,,,,,,,,,,,,,,,,,,,,,,Fulton C W T,Fulton C W T,Fulton C W T,Fulton C W T,Fulton C W T,Fulton C W T,Fulton C W T,Fulton C W T,Fulton C W T,,,,,,,,,,,,,,,,,,,,,,,,,,,,,,,,,,,,,,,,,,Fulton C W T & Collin J M,Fulton C W T & Collin J M,Fulton C W T & Collin J W,Fulton C W T & Collin J W,,,,,,,,,,,,,,,,,,,,,,,,,,,,,,,,,,,,,,,,,,,,,,,,,,,,,,,Fulton C W T in Assn with Collin J M,Fulton C W T in Assn with Collin J M,,,,,,,,,,,,,,,,,,,,,,,,,,,,,,,,,,,,,,,,,,,,,,,,,,,,,,,,,,Fulton C W T in Assn with Job A H & Collin J M,,,,,,,,,,,,,,,,,,,,,,,,,,,,,,,,,,,,,,,,,,,,,,,,,,,,,,,,,,,,,,,,,,,,,,,,,,,Fulton I H,Fulton I H,Fulton I H,Fulton I H,Fulton I H,Fulton I H,Fulton I H,,,,,,,,,,,,,,,,,,,,,,,,,,,,,,,,,,,,,,,,,,,,,,,,,,,,"Fulton, Collin, Boys, Gilmour, Trotter & Partners","Fulton, Collin, Boys, Gilmour, Trotter & Partners","Fulton, Collin, Boys, Gilmour, Trotter & Partners","Fulton, Collin, Boys, Gilmour, Trotter & Partners","Fulton, Collin, Boys, Gilmour, Trotter & Partners","Fulton, Collin, Boys, Gilmour, Trotter & Partners","Fulton, Collin, Boys, Gilmour, Trotter & Partners","Fulton, Collin, Boys, Gilmour, Trotter & Partners","Fulton, Collin, Boys, Gilmour, Trotter & Partners",,,,,,,,,,,,,,,,,,,,,,,,,,,,,,,,,,,,,,,,,,,,,,,,,,,,,,,,,Fysh G C,Fysh G C,Fysh G C,Fysh G C,,,,,,,,,,,,,,,,,,,,,,,,,,,,,,Gailey Richd,Gailey Richd,Gailey Richd,Gailey Richd,Gailey Richd,,,,,,,,,,,,,,,,,,,,,,,,,,,,,,,,,,,,,,,,,,,,,,,,,,,,,,,,,,,,,,,,,,,,,,,,,,,,,,,,,,,Ganis John Architects & Associates,Ganis John Architects & Associates,Ganis John Architects & Associates,Ganis John Architects & Associates,,,,,,,,,,,,,,,,,,,,,,,,,,,,,,,,,,,,,,,,,,,,,,,,,Gardner Robert S,Gardner Robert S,Gardner Robert S,Gardner Robert S,Gardner Robert S,Gardner Robert S,Gardner Robert S,Gardner Robert S,Gardner Robert S,Gardner Robert S,,,,,,,,,,,,,,,,,,,,,,,,,,,,,,,,,,,,,,,,,,,,,,,,Gargett T B F,Gargett T B F,Gargett T B F,Gargett T B F,Gargett T B F,Gargett T B F,Gargett T B F,Gargett T B F,Gargett T B F,,,,,,,,,,,,,,,,,,,,,,,,,,,,,,,,,,,,,,,,,,,,,,,,,,,,,,,,,,,,,,,,,Georgeson G J,Georgeson G J,,,,,,,,,,,,,,,,,,,,,,,,,,,,,,,,,,,,,,,,,,,,,,,,,,,,,,,,,,,Georgeson J Gary,Georgeson J Gary,,,,,,,,,,,,,,,,,,,,,,,,,,,,,,,,,,,,,,,,,,,,,,Gibson R F,Gibson R F,Gibson R F,Gibson R F,Gibson R F,Gibson R F,Gibson R F,Gibson R F,Gibson R F,Gibson R F,Gibson R F,Gibson R F,Gibson R F,Gibson R F,Gibson R F,,,,,,,,,,,,,,,,,,,,,,,,,,,,,,,,,,,,,,,,,,,,,,,,,,,,,,,Giese C E,Giese C E,Giese C E,Giese C E,Giese C E,Giese C E,,,,,,,,,,,,,,,,,,,,,,,,,,,,,,,,,,,,,,,,,,,,,,,,,,,,,,,,Giles T John,Giles T John,Giles T John,,,,,,,,,,,,,,,,,,,,,,,,,,,,,,,,,,,,,,,,,,,,,,,,Gilmour J G,Gilmour J G,Gilmour J G,Gilmour J G,Gilmour J G,Gilmour J G,,,,,,,,,,,,,,,,,,,,,,,,,,,,,,,,,,,,,,,,,,,,,,,,,,,,,,,,,,,,,,,,,,Girard J D,Girard J D,Girard J D,Girard J D,,,,,,,,,,,,,,,,,,,,,,,,,,,,,,,,,,,,,,,,,,,,,,Glazebrook R,Glazebrook R,Glazebrook R,Glazebrook R,Glazebrook R,,,,,,,,,,,,,,,,,,,,,,,,,,,,,,,,,,,,,,,,,,,,,,,,,,,,,,,,,,,,,Glazebrook Robert J,Glazebrook Robert J,Glazebrook Robert J,Glazebrook Robert J,Glazebrook Robert J,,,,,,,,,,,,,,,,,,,,,,,,,,,,,,,,,,,,,,,,,,,,,,,,,,,,,,,,,,,,,,,,Golikov O P,,,,,,,,,,,,,,,,,,,,,,,,,,,,,,,,,,,,,,,,,,,,,Goodfir D B & Carlyle H J,,Goodsir D B & Carlyle H J,Goodsir D B & Carlyle H J,,,,,,,,,,,,,,,,,,,,,,,,,,,,,,,,,,,,,,,,,,,,,,,,,,,,,,,,,,,,,Goodsir & Carlyle,Goodsir & Carlyle,Goodsir & Carlyle,,,,,,,,,,,,,,,,,,,,,,,,,,,,,,,,,,,,,,,,,,,,,,,,,,,,,,,,,,,,,Goodsir & Carlyle Baker & Wilde,Goodsir & Carlyle Baker & Wilde,Goodsir & Carlyle Baker & Wilde,Goodsir & Carlyle Baker & Wilde,Goodsir & Carlyle Baker & Wilde,,,,,,,,,,,,,,,,,,,,,,,,,,,,,,,,,,,,,,,,,,,,,,,,,,,,,,,,,,,,,"Goodsir, Baker & Wilde","Goodsir, Baker & Wilde",,,,,,,,,,,,,,,,,,,,,,,,,,,,,,,,,,,,,,,,,,,,,,,,,,,,,,,,,,,,,"Goodsir, Baker & Wilde Pty Ltd","Goodsir, Baker & Wilde Pty Ltd","Goodsir, Baker & Wilde Pty Ltd",,,,,,,,,,,,,,,,,,,,,,,,,,,,,,,,,,,,,,,,,,,,,,,,Graveur E H,Graveur E H,Graveur E H,Graveur E H,Graveur E H,Graveur E H,Graveur E H,Graveur E H,Graveur E H,Graveur E H,Graveur E H,Graveur E H,Graveur E H,,,,,,,,,,,,,,,,,,,,,,,,,,,,,,,,,,,,,,,,,,,,,,,,,,,,,,,,,,,Greary Frank & Associates,Geary Frank & Associates,,,,,,,,,,,,,,,,,,,,,,,,,,,,,,,,,,,,,,,,,,,,,,,,,,,,,,Greenman E D,Greenman E D,,,,,,,,,,,,,,,,,,,,,,,,,,,,,,,,,,,Griffn Chas H,,,,,,,,,,,,,,,,,,,,,,,,,,,,,,,,,,,,,,,,,,,,,,,,,,,,,,,,,,,,,,,,,,,,,,,,,,,,,,,,,,,,,,,,Grimes A H,Grimes A H,,,,,,,,,,,,,,,,,,,,,,,,,,,,,,,,,,,,,,,,,,,,,,,,,,,,,,,,,Guley R C,Guley R C,Guley R C,Guley R C,Guley R C,,,,,,,,,,,,,,,,,,,,,,,,,,,,,,,,,,,,,,,,Gzell V,Gzell V,Gzelf V,Gzell V,,,Gzell V,Gzell V,Gzell V,,,,,,,,,Gzell V,Gzell V,Gzell V,Gzell V,,,,,,,,,,,,,,,,,,,,,,,,,,,,,,,,,,,,,,,,,,,,,,,,,Gzell V & Asscts Pty Ltd,Gzell V & Asscts Pty Ltd,Gzell V & Asscts Pty Ltd,Gzell V & Asscts Pty Ltd,Gzell V & Asscts Pty Ltd,Gzell V & Asscts Pty Ltd,Gzell V & Asscts Pty Ltd,Gzell V & Asscts Pty Ltd,,,,Gzell V & Associates Pty Ltd,,,,,,,,,,,,,,,,,,,,,,,,,,,,,,,,,,,,,,,,,,,,,,Hackett Brian H,Hackett Brian H,Hackett Brian H,Hackett Brian H,Hackett Brian H,Hackett Brian H,Hackett Brian H,Hackett Brian H,Hackett Brian H,Hackett Brian H,Hackett Brian H,Hackett Brian H,Hackett Brian H,Hackett Brian H,Hackett Brian H,,,,,,,,,,,,,,,,,,,,,,,,,,,,,,Hall (T R) & Phillips (L B),Hall (T R) & Phillips (L B),Hall (T R) & Phillips (L B),Hall (T R) & Phillips (L B),Hall (T R) & Phillips (L B),,,,,,,,,,,,,,,,,,,,,,,,,,,,,,,,,,,,,,,,,,,,,,,,,,,,,,,,,,,,,Hall F R,Hall F R,Hall F R,Hall F R,Hall F R,Hall F R,Hall T R,Hall T R,,,,Hall F R,Hall F R,Hall F R,Hall T R,Hall T R,,,,,,,,,,,,,,,,,,,,,,,,,,,,,,,,,,,,,,,,,,,,,,,,,,,,,Hall T R Phillips & Wilson,Hall T R Phillips & Wilson,Hall T R Phillips & Wilson,,,,,,Hall T R Phillips & Wilson,Hall T R Phillips & Wilson,Hall T R Phillips & Wilson,Hall T R Phillips & Wilson,Hall T R Phillips & Wilson,Hall T R Phillips & Wilson,Hall T R Phillips & Wilson,Hall T R Phillips & Wilson,,,,,,,,,,,,,,,,,,,,,,,,,,,,,,,,,,,,,,,,,,,,,,,,,,,,,,,,,,,,,Hall T R Phillips & Wilson Architects Pty Ltd,Hall T R Phillips & Wilson Architects Pty Ltd,,,,,,,,,,,,,,,,,,,,,,,,,,,,,,,,,,,,,,,,,,,,,,,Hamill P,Hamill P,Hamill P,Hamill P,,,,,,,,,,,,,,,,,,,,,,,,,,,,,,,,,,,,,,,,,,,,,,,,,,,,,,,Hamill Peter,,,,,,,,,,,,,,,,,,,,,,,,,,,,,,,,,,,,,,,,,,,,,,,,,,,,,Hamilton A G,,,,,,,,,,,,,,,,,,,,,,,,,,,,,,,,,,,,,,,,,,,,,,,,,,,,,,,,,,,,,,,,,,,,Hammond J W,Hammond J W,Hammond J W,Hammond J W,Hammond J W,Hammond J W,Hammond J W,Hammond J W,Hammond J W,Hammond J W,Hammond J W,Hammond J W,Hammond J W,Hammond J W,Hammond J W,,,,,,,,,,,,,,,,,,,,,,,,,,,,,,,,,,,,,,,,,,,,,,,,,Hancock E J J,Hancock E J J,Hancock E J J,,,,,,,,,,,,,,,,,,,,,,,,,,,,,,,,,,,,,,,,,,,,,,,,,,,,,,,,,,,,,Hancock Edward J,Hancock Edward J,Hancock Edward J,Hancock Edward J,Hancock Edward J,Hancock Edward J,Hancock Edward J,Hancock Edward J,Hancock Edward J,,,,,,,,,,,,,,,,,,,,,,,,,,,,,,,,,,,,,,,,,,,,,,,,,,,,,,,,Hanman Des & Associate,Hanman Des & Associate,Hanman Des & Associate,Hanman Des & Associate,Hanman Des & Associate,,,,,,,,,,,,,,,,,,,,,,,,,,,,,,,,,,,,,,,,,,,,,,Hanman P J L,Hanman P J L,Hanman P J L,Hanman P J L,Hanman P J L,Hanman P J L,Hanman P J L,Hanman P J L,Hanman P J L,Hanman P J L,,,,,,,,,,,,,,,,,,,,,,,,,,,,,,,,,,,,,,,,,,,,,,,,,,,,,,,,,,,,,,,Hann G R,Hann G R,,,,,,,,,,,,,,,,,,,,,,,,,,,,,,,,,,,,,,,,,,,,,,,,,,,,Harboe Per,Harboe Per,Harboe Per,Harboe Per,Harboe Per,Harboe Per,Harboe Per,Harboe Per,Harboe Per,Harboe Per,,,,,,,,,,,,,,,,,,,,,,,,,,,,,,,,,,,,,,,,,,,,,,,Hargraves Cecil F,Hargraves Cecil F,Hargraves Cecil F,Hargraves Cecil F,Hargraves Cecil F,Hargraves Cecil F,Hargraves Cecil F,Hargraves Cecil F,Hargraves Cecil F,Hargraves Cecil F,Hargraves Cecil F,Hargraves Cecil F,Hargraves Cecil F,,,,,,,,,,,,,,,,,,,,,,,,,,,,,,,,,,,,,,,,,,,,,,,,,,,,,,,,,,Hartley P G,Hartley P G,Hartley P G,Hartley P G,,,,,,,,,,,,,,,,,,,,,,,,,,,,,,,,,,,,,,,,,,,,,,,,,,,,,,Harvey P G,Harvey P G,Harvey P G,Harvey P G,Harvey P G,Harvey P G,Harvey P G,,,,,,,,,,,,,,,,,,,,,,,,,,,,,,,,,,,,,,,,,,,,,,,,,,,,,,,,,,Haslock Garfield,,,,,,,,,,,,,,,,,,,,,,,,,,,,,,,,,,,,,,,,,,,,,,,,,,,,Hassell McConnell & Partners,Hassell McConnell & Partners,Hassell McConnell & Partners,Hassell McConnell & Partners,,,,,,,,,,,,,,,,,,,,,,,,,,,,,,,,,,,,,,,,,,,,,,,,,,,,,,,,,,,Hawke & Pereira,Hawke & Pereira,Hawk & Pereira,,,,,,,,,,,,,,,,,,,,,,,,,,,,,,,,,,,,,,,,,,,,,,,,,,,,,,,,,,,,,Hawkins R A,Hawkins R A,Hawkins R A,Hawkins R A,Hawkins R A,Hawkins R A,,,,,,,,,,,,,,,,,,,,,,,,,,,,,,,,,,,,,,,,,,,,,,,,,,,,,,,,,,,Haydon C H,Haydon C H,,,,,,,,,,,,,,,,,,,,,,,,,,,,,,,Hayes & Scott,Hayes & Scott,Hayes & Scott,Hayes & Scott,,,,,Hayes & Scott,,,,,,,Hayes & Scott,Hayes & Scott,Hayes & Scott,Hayes & Scott,,,,Hayes & Scott,Hayes & Scott,Hayes & Scott,Hayes & Scott,Hayes & Scott,Hayes & Scott,Hayes & Scott,Hayes & Scott,,,,,,,,,,,,,,,,,,,,,,,,,,,,,,,,,,,,,,,,,,,,,,Hayes E J,Hayes E J,Hayes E J,Hayes E J,Hayes E J,Hayes E J,,Hayes E J,Hayes E J,Hayes E J,Hayes E J,Hayes E J,Hayes E J,Hayes E J,Hayes E J,,,,,,,,,,,,,,,,,,,,,,,,,,,,,,,,,,,,,,,,,,,,,,,,,,Hayes Scott & Henderson,Hayes Scott & Henderson,Hayes Scott & Henderson,,,,,,,,,,,,,,,,,,,,,,,,,,,,,,,,,,,,,,,,,,,,,,,,,,,,Heathwood Peter,Heathwood Peter,Heathwood Peter,,,,,,,,,,,,,,,,,,,,,,,,,,,,,,,,,,,,,,,,,,,,,,,,,,,,,,,,,,,,,Heathwood Peter D,Heathwood Peter D,Heathwood Peter D,Heathwood Peter D,Heathwood Peter D,Heathwood Peter D,,,Heathwood Peter D,Heathwood Peter D,Heathwood Peter D,Heathwood Peter D,Heathwood Peter D,Heathwood Peter D,,,,,,,,,,,,,,,,,,,,,,,,,,,,,,,,,,,,,,,,,,,,,,,,,,,,,Heathwood Peter D & Partners,Heathwood Peter D & Partners,,,,,,,,,,,,,,,,,,,,,,,,,,,,,,,,,,,,,,,,,,,,,,,,,,,,,,,,,,,,,,,,,,Heathwood Willis & Partners Pty Ltd,,,,,,,,,,,,,,,,,,,,,,,,,,,,,,,,,,,,,,,,,,,,,,,,,,,,,,,,Hebron E K D,Hebron E K D,Hebron E K D,Hebron E K D,Hebron E K D,,,,,,,,,,,,,,,,,,,,,,,,,,,,,,,,,,,,,,,,,,,,,,,,,,,,,Helmond E C,Helmond E C,Helmond E C,Helmond E C,Helmond E C,,,,,,,,,,,,,,,,,,,,,,,,,,,,,,,,,,,,,,,,,,,,,,,,,,,,Henderson G T,Henderson G T,Henderson G T,Henderson G T,Henderson G T,Henderson G T,,,,,,,,,,,,,,,,,,,,,,,,,,,,,,,,,,,,,,,,,,,,,,,,,,,,,,,,,,,,,,,,Henderson R B,Henderson R B,,,,,,,,,,,,,,,,,,,,,,,,,,,,,,,,,,,,,,,,,,,,,,,,,,,Hennessey & Hennessey,Hennessey & Hennessey,Hennessey & Hennessey,Hennessey & Hennessey,Hennessey & Hennessey,Hennessey & Hennessey,Hennessey & Hennessey,Hennessey & Hennessey,Hennessey & Hennessey,Hennessey & Hennessey,Hennessey & Hennessey,,,,,,,,,,,,,,,,,,,,,,,,,,,,,,,,,,,,,Hennessey Hennessey & Co,Hennessey Hennessey & Co,Hennessey Hennessey & Co,Hennessey Hennessey & Co,Hennessey Hennessey & Co,Hennessey Hennessey & Co,Hennessey Hennessey & Co,Hennessey Hennessey & Co,Hennessey Hennessey & Co,Hennessey Hennessey & Co,Hennessey Hennessey & Co,Hennessey Hennessey & Co,Hennessey Hennessey & Co,,,,,,,,,,,,,,,,,,,,,,,,,,,,,,,,,,,,,,,,,"Hennessy, Hennessy & Co","Hennessy, Hennessy & Co","Hennessy, Hennessy & Co","Hennessy, Hennessy & Co","Hennessy, Hennessy & Co","Hennessy, Hennessy & Co",Hennessy Hennessy & Co,,,,,,,,,,,,,,,,,,,,,,,,,,,,,,,,,,,,,,,,,,,,,,,,,,,,,,,,,,,,,,,,,,,,,,,Hitch & Sinnamon,,,,,,,,,,,,,,,,,,,,,,,,,,,,,,,,,,,,,,,,,,,,,,,,,,,,,Hitch John,Hitch John,Hitch John,Hitch John,Hitch John,Hitch John,Hitch John,,Hitch John,Hitch John,,,,,,,,,,,,,,,,,,,,,,,,,,,,,,,,,,,,,,,,,,,,,,,,,,,,,,,,,,,Hobrough David W,,,,,,,,,,,,,,,,,,,,,,,,,,,,,,,,,,,,,,,,,,,,,,,,,,,,,,,,,,Hodgen O F,Hodgen O F,Hodgen O F,Hodgen O F,Hodgen O F,Hodgen O F,Hodgen O F,Hodgen O F,Hodgen O F,Hodgen O F,Hodgen O F,Hodgen O F,Hodgen O F,Hodgen O F,Hodgen O F,,,,,,,,,,,,,,,,,,,,,,,,,,,,,,,,,,,,,,,,,,,,,,,,,,,,,,,,,Holmes F R,Holmes F R,Holmes F R,Holmes F R,,,,,,,,,,,,,,,,,,,,,,,,,,,,,,,,,,,,,,,,,,,,,,,,,,,,,Hopgood R J,Hopgood R J,Hopgood R J,Hopgood R J,Hopgood R J,Hopgood R J,Hopgood R J,Hopgood R J,,,,,,,,,,,,,,,,,,,,,,,,,,,,,,,,,,,,,,,,,,,,,,,,,,Horne A W,,,,,,,,,,,,,,,,,,,,,,,,,,,,,,,,,,,,,,,,,,,,,,,,,,,,,,,,,,,,,,,,,,Howes Trevor,Howes Trevor,Howes Trevor,Howes Trevor,Howes Trevor,,,,,,,,,,,,,,,,,,,,,,,,,,,,,,,,,,,,,,,,,,,,,,,,,,,,,,,,,Hulme & Webster,Hulme & Webster,Hulme & Webster,Hulme & Webster,,,,,,,,,,,,,,,,,,,,,,,,,,,,,,,,,,,,,,,,,,,,,,,,,,,,,Hulme G A,Hulme G A,,,,,,,,,,,,,,,,,,,,,,,,,,,,,,,,,,,,,,,,,,,,,,,,,,,,,,,,,,,,,Hulme Graham,Hulme Graham,,,,,,,,,,,,,,,,,,,,,,,,,,,,,,,,,,,,,,,,,,,,,,,,,,,,,,,,Hurst Maurice,Hurst Maurice,Hurst Maurice,Hurst Maurice,Hurst Maurice,Hurst Maurice,Hurst Maurice,Hurst Maurice,,,,,,,,,,,,,,,,,,,,,,,,,,,,,,,,,,,,,,,,,,,,,,,,,,,,,,,,,,,,,Hurst Maurice Architect,,,,,,,,,,,,,,,,,,,,,,,,,,,,,,,,,,,,,,,,,,,,,,,,,,,,,Hutchison J E,Hutchison J E,Hutchison J E,Hutchison J E,Hutchison J E,Hutchison J E,Hutchison J E,Hutchison J E,,,,,,,,,,,,,,,,,,,,,,,,,,,,,,Hutton Geo G,Hutton Geo G,Hutton Geo G,Hutton Geo G,Hutton Geo G,,,,,,,,,,,,,,,,,,,,,,,,,,,,,,,,,,,,,,,,,,,,,,,,,,,,,,,,,,,,,,,,,,,,,,,,,,,,,,,Hutton Theo B,Hutton Theo B,Hutton Theo B,Hutton Theo B,Hutton Theo B,Hutton Theo B,Hutton Theo B,Hutton Theo B,,,,,,,,,,,,,,,,,,,,,,,,,,,,,,,,,,,,,,,,,,,,,,,,,,,,,,,,,,Innes Alan,Innes Alan,Innes Alan,,,,,,,,,,,,,,,,,,,,,,,,,,,,,,,,,,,,,,,,,,,,,,,,,,,,Jackson I J,Jackson I J,Jackson I J,Jackson I J,Jackson I J,Jackson I J,,,,,,,,,,,,,,,,,,,,,,,,,,,,,,,,,,,,,,,,,,,,,,,,,Jacobsohn H,Jacobsohn H,,,,,,,,,,,,,,,,,,,,,,,,,,,,,,,,,,,,,,,,,,,,,,,,,,,,,,,,,,,,,,,,,,,,Jago A E,Jago A E,Jago A E,Jago A E,Jago A E,Jago A E,,,,,,,,,,,,,,,,,,,,,,,,,,,,,,,,,,,,,,,,,,,,,,,,,,,,,,,,James Leslie,James Leslie,James Leslie,James Leslie,James Leslie,,,,,,,,,,,,,,,,,,,,,,,,,,,,,,,,,,,,,,,,,,,,,,,,,,,,,,,,,Jamieson W S,Jamieson W S,Jamieson W S,Jamieson W S,,,,,,,,,,,,,,,,,,,,,,,,,,,,,,,,,,,,,,,,,,,,,,Jenkins I D,Jenkins I D,Jenkins I D,Jenkins I D,Jenkins I D,Jenkins I D,Jenkins I D,Jenkins I D,Jenkins I D,Jenkins I D,Jenkins I D,Jenkins I D,Jenkins I D,Jenkins I D,Jenkins I D,,,,,,,,,,,,,,,,,,,,,,,,,,,,,,,,,,,,,,,,,,,,,,Jessup Colin W,Jessup Colin W,Jessup Colin W,Jessup Colin W,Jessup Colin W,Jessup Colin W,Jessup Colin W,Jessup Colin W,Jessup Colin W,Jessup Colin W,Jessup Colin W,Jessup Colin W,Jessup Colin W,Jessup Colin W,,,,,,,,,,,,,,,,,,,,,,,,,,,,,,,,,,,,,,,,,,,Job Aubrey H & Froud R P,Job Aubrey H & Froud R P,Job Aubrey H & Froud R P,Job Aubrey H & Froud R P,Job Aubrey H & Froud R P,Job Aubrey H & Froud R P,Job Aubrey H & Froud R P,Job Aubrey H & Froud R P,Job Aubrey H & Froud R P,Job Aubrey H & Froud R P,Job Aubrey H & Froud R P,Job Aubrey H & Froud R P,Job Aubrey H & Froud R P,Job Aubrey H & Froud R P,Job Aubrey H & Froud R P,Job Aubrey H & Froud R P,Job Aubrey H & Froud R P,Job Aubrey H & Froud R P,Job Aubrey H & Froud R P,,,,,,,,,,,,,,,,,,,,,,,,,,,,,,,,,,,,,,,,,,,,,,,,Job William J & Asscts,Job William J & Asscts,Job William J & Asscts,Job William J & Asscts,Job William J & Asscts,Job William J & Asscts,Job William J & Asscts,Job William J & Associates,Job William J & Associates,Job William J & Associates,Job William J & Associates,Job William J & Associates,Job William J & Associates,,,,,,,,,,,,,,,,,,,,,,,,,,,,,,,,,,,,,,,,John Aubrey H & Fround R P,,,,,,,,,,,,,,,,,,,,,,,,,,,,,,,,,,,,,,,,,,,,,,,,,,,,,,,,,,,,,,,John Dawson J,,,,,,,,,,,,,,,,,,,,,,,,,,,,,,,,,,,,,,,,,,,,,,,,,,,,,,,,,,,,,,,,,,,,,,,,,,Johnston Fergus,Johnston Fergus,Johnston Fergus,Johnston Fergus,,,,,,,,,,,,,,,,,,,,,,,,,,,,,,,,,,,,,,,,,,,,,,,,,,,,,,,Jones Derek,Jones Derek,Jones Derek,Jones Derek,Jones Derek,Jones Derek,,,,,,,,,,,,,,,,,,,,,,,,,,,,,,,,,,,,,,,,,,,,,,,,,,,,,,,,,Jones L W,,Jones L W,,,,,,,,,,,,,,,,,,,,,,,,,,,,,,,,,,,,,,,,,,,,,,,,,,,,,,,,,,,Jones Laurence M,Jones Laurence M,Jones Laurence M,,,,,,,,,,,,,,,,,,,,,,,,,,,,,,,,,,,,,,,,,,,,,,,,,,,,,,,,,Kamols A,Kamois A,Kamois A,Kamois A,,,,,,,,,,,,,,,,,,,,,,,,,,,,,,,,Karl Langer,Karl Langer,Karl Langer,Langer K,Langer Karl,Langer Karl,Langer Karl,Langer Karl,Langer Karl,Langer Karl,Langer Karl,Langer Karl,Langer Karl,Langer Karl,Langer Karl,Langer Karl,Langer Karl,Langer Karl,Langer Karl,Langer Karl,Langer Karl,Langer Karl,Langer Karl,,,,,,,,,,,,,,,,,,,,,,,,,,,,,,,,,,,,,,,,,,,,,,,,,,,,,Kayser R J,,,Kayser R J,Kayser R J,Kayser R J,Kayser R J,Kayser R J,Kayser R J,Kayser R J,Kayser R J,Kayser R J,Kayser R J,Kayser R J,,,,,,,,,,,,,,,,,,,,,,,,,,,,,,,,,,,,,,,,,,,,,,,,,,,,Keatinge P J,Keatinge P J,Keatinge P J,Keatinge P J,Keatinge P J,Keatinge P J,Keatinge P J,Keatinge P J,Keatinge P J,,,,,,,,,,,,,,,,,,,,,,,,,,,,,,,,,,,,,,,,,,,,,,,,,,,,,,,,,,,,Kelly L G,,,,,,,,,,,,,,,,,,,,,,,,,,,,,,,,,,,,,,,,,,,,,,,,,,,,,,,,,,Kelly Len G,,,,,,,,,,,,,,,,,,,,,,,,,,,,,,,,,,,,,,,,,,,,,,,,,Kelvey D W,,,,,,,,,,,,,,,,,,,,,,,,,,,,,,,,,,,,,,,,,,,,,,,,,,,,,,,,,,,,,,,,,,,,Kenny David C,Kenny David C,Kenny David C,Kenny David C,Kenny David C,Kenny David L,,,,,,,,,,,,,,,,,,,,,,,,,,,,,,,,,,,,,,,,,,,,,,,,,Kent D J,Kent D J,Kent D J,Kent D J,Kent D J,Kent D J,Kent D J,Kent D J,Kent D J,Kent D J,Kent D J,Kent D J,,,,,,,,,,,,,,,,,,,,,,,,,,,,,,,,,,,,,,,,,,,,,,Kerney M W,Kerney M W,,,,,,,Kearney M W,Kearney M W,Kearney M W,Kearney M W,Kearney M W,Kearney M W,Kearney M W,,,,,,,,,,,,,,,,,,,,,,,,,,,,,,,,,,,,,,,,,,,,,,,,,,,,,,,,,,,,Kerr G E,,,,,,,,,,,,,,,,,,,,,,,,,,,,,,,,,,,,,,,,,,,,,,,,,,,,,,,,,,,Kerrison Cheesman Partnership The,Kerrison Cheesman Partnership The,,,,,,,,,,,,,,,,,,,,,,,,,,,,,,,,,,,,,,,,,,,,,,,,,,,,,,,Kerrison Russell,Kerrison Russell,Kerrison Russell,,,,,,,,,,,,,,,,,,,,,,,,,,,,,,,,,,,,,,,,,,,,,,,,,Kershaw J,Kershaw J,Kershaw J,Kershaw J,Kershaw J,Kershaw J,Kershaw J,Kershaw J,Kershaw J,Kershaw J,Kershaw J,Kershaw J,Kershaw J,Kershaw J,Kershaw J,,,,,,,,,,,,,,,,,,,,,,,,,,,,,,,,,,,,,,,,,,,,,,,,,,,,,,,,,,,Kildey G Thomas,Kildey G Thomas,,,,,,,,,,,,,,,,,,,,,,,,,,,,,,,,,,,,,,,,,,,,,,,,,,,,,,,,,,,,Killoran Graham & Associates,,,,,,,,,,,,,,,,,,,,,,,,,,,,,,,,,,,,,,,,,,,,,,,,,,,,,,,,,,Kilner Geoff L,Kilner Geoff L,Kilner Geoff L,,,,,,,,,,,,,,,,,,,,,,,,,,,,,,,,,,,,,,,,,,,,,,,,,,,,,,,,,,,Kirkegard & Schellback Pty Ltd,Kirkegard & Schellback Pty Ltd,,,,,,,,,,,,,,,,,,,,,,,,,,,,,,,,,,,,,,,,,,,,,,Kirkegard F G,,,Kirkegard F G,Kirkegard F G,Kirkegard F G,Kirkegard F G,Kirkegard F G,Kirkegard F G,Kirkegard F G,Kirkegard F G,,,,,,,,,,,,,,,,,,,,,,,,,,,,,,,,,,,,,,,,,,,,,,,,,,,,,Kirkegard F G & Ellwood G F,Kirkegard F G & Ellwood G F,Kirkegard F G & Ellwood G F,Kirkegard F G & Ellwood G F,Kirkegard F G & Ellwood G F,Kirkegard F G & Ellwood G F,Kirkegard F G & Ellwood G F,Kirkegard F G & Ellwood G F,Kirkegard F G & Ellwood G F,,,,,,,,,,,,,,,,,,,,,,,,,,,,,,,,,,,,,,,,,,,,,,,,,,Kirkegard Fredrick G,Kirkegard Fredrick G,,,,,,,,,,,,,,,,,,,,,,,,,,,,,,,,,,,,,,,,,,,,,,,,,,,,,,,,,,,,,,,,,,,,,,"Kirkegard, Ellwood & Partners",,,,,,,,,,,,,,,,,,,,,,,,,,,,,,,,,,,,,,,,,,,,,,,,,,,,,,,,,,,,Kirkwood A J,Kirkwood A J,Kirkwood A J,,,,,,,,,,,,,,,,,,,,,,,,,,,,,,,,,,,,,,,,,,,,,,,,,,,,,,,,,,,Kneebone Trevor,,,,,,,,,,,,,,,,,,,,,,,,,,,,,,,,,,,,,,,,,,,,,,,,,,,,,,,,,,,Kornman P R,Kornman P R,Kornman P R,,,,,,,,,,,,,,,,,,,,,,,,,,,,,,,,,,,,,,,,,,,,Krams E A,,,,,,,,,,,,,,,,,,,,,,,,,,,,,,,,,,,,,,,,,,,,,,,,,,,,,,,,,,,,,,,,,Kulley L,Kulley L,,,,Kulley L,Kulley L,Kulley L,Kulley L,Kulley L,Kulley L,Kulley L,,,,,,,,,,,,,,,,,,,,,,,,,,,,,,,,,,,,,,,,,,,,,,,,,,,,Kulley Lorant,Kulley Lorant,,,,,,,,,,,,,,,,,,,,,,,,,,,,,,,,,,,,,,,,,,,,,,,,,,,,,,,,,,,,,,,,,,,Kyle S J Marquis,,,,,,,,,,,,,,,,,,,,,,,,,,,,,,,,,,,,,,,,,,,,,,Lambert P A,Lambert P A,Lambert P A,Lambert P A,Lambert P A,Lambert P A,Lambert P A,Lambert P A,,,,,,,,,,,,,,,,,,,,,,,,,,,,,,,,,,,,,,,,,,,,,,,,,,,,,,,,,,,,,Lambert Peter,Lambert Peter,Lambert Peter,Lambert Peter,Lambert Peter,Lambert Peter,Lambert Peter,,,,,,,,,,,,,,,,,,,,,,,,,,,,,,,,,,,,,,,,,,,,,,,,,,,,,,,,,,,,Lee A J,,,,,,,,,,,,,,,,,,,,,,,,,,,,,,,,,,,,,,,,,,,,,,,,,,,,,,,,,,,,Lee Austin & Associates,,,,,,,,,,,,,,,,,,,,,,,,,,,,,,,,,,,,,,,,,,,,,,,,,,,,,Lee Austin J,Lee Austin J,Lee Austin J,Lee Austin J,Lee Austin J,Lee Austin J,Lee Austin J,,,,,,,,,,,,,,,,,,,,,,,,,,,,,,,,,,,,,,,,,,,,,,,,,,,,,,,Lee H Shun,,,,,,,,,,,,,,,,,,,,,,,,,,,,,,,,,,,,,,Lee L M,,Lee L Marcus,,,,,,,,,,Lee L Marcus,Lee L Marcus,Lee L Marcus,Lee L Marcus,Lee L Marcus,Lee L Marcus,Lee L Marcus,Lee L Marcus,,,,,,,,,,,,,,,,,,,,,,,,,,,,,,,,,,,,,,,,,,,,,,,,,,,,,,,,,,,,,,,Lee L Marcus & Sons,Lee L Marcus & Sons,,,,,,,,,,,,,,,,,,,,,,,,,,,,,,,,,,,,,,,,,,,,,,,,,,,,,Lee Shun H,,,Lee Shun H,Lee Shun H,,,,,,,,,,,,,,,,,,,,,,,,,,,,,,,,,,,,,,,,,,,,,,,,,,,,,,,,Legg J D,Legg J D,,,,,,Legg J D,Legg J D,Legg J D,Legg J D,,,,,,,,,,,,,,,,,,,,,,,,,,,,,,,,,,,,,,,,,,,,,,,,,Leith A C & Bartlett H,Leith A C & Bartlett H,Leith A C & Bartlett H,Leith A C & Bartlett H,Leith A C & Bartlett H,Leith A C & Bartlett H,Leith A C & Bartlett H,Leith A C & Bartlett H,Leith A C & Bartlett H,Leith A C & Bartlett H,,,,,,,,,,,,,,,,,,,,,,,,,,,,,,,,,,,,,,,,,,,,,,,,,,,,,,,,,,,,,,,,Leman L F,,,,,,,,,,,,,,,,,,,,,,,,,,,,,,,,,,,,,,,,,,,,,Leven & Grimpel,Leven & Grimpel,Leven & Grimpel,,,,,,,,,,,,,,,,,,,,,,,,,,,,,,,,,,,,,,,,,,,,,,,,,,,,,,Leven J F,Leven J F,Leven J F,,,,,Leven J F,Leven J F,,,,,,,,,,,,,,,,,,,,,,,,,,,,,,,,,,,,,,,,,,,,,,,,,,,,,,,,,,,,,Lewis B J,Lewis B J,Lewis B J,Lewis B J,Lewis B J,Lewis B J,Lewis B J,Lewis B J,Lewis B J,Lewis B J,,,,,,,,,,,,,,,,,,,,,,,,,,,,,,,,,,,,,,,,,,,Lewis B J & Williams G S,,,,,,,,,,,,,,,,,,,,,,,,,,,,,,,,,,,,,,,,,,,,,,,,,,,,,,,,,,,,,,,,,,,,Lewis Williams & Asscts Pty Ltd,Lewis Williams & Asscts Pty Ltd,Lewis Williams & Asscts Pty Ltd,Lewis Williams & Asscts Pty Ltd,Lewis Williams & Asscts Pty Ltd,Lewis Williams & Associates Pty Ltd,Lewis Williams & Associates Pty Ltd,Lewis Williams & Associates Pty Ltd,Lewis Williams & Associates Pty Ltd,Lewis Williams & Associates Pty Ltd,Lewis Williams & Associates Pty Ltd,,,,,,,,,,,,,,,,,,,,,,,,,,,,,,,,,,,,,,,,,,,,,,,,,,,,,,Lincoln Bruce A,,,,,,,,,,,,,,,,,,,,,,,,,,,,,,,,,,,,,,,,,,,,,,,,,,,,,,,,,,,,,,Litfin G H,Litfin G H,Litfin G H,Litfin G H,,,,,,,,,,,,,,,,,,,,,,,,,,,,,,,,,,,,,,,,,,,,,,,,,,,,,,,,Littlemore & Associates Pty Ltd,Littlemore & Associates Pty Ltd,,,,,,,,,,,,,,,,,,,,,,,,,,,,,,,,,,,,,,,,,,,,,,,,,,,,,,,,,,,,,,Lloyd C,Lloyd C,,,,,,,,,,,,,,,,,,,,,,,,,,,,,,,,,,,,,,,,,,,,,,,,,,,,,,,,,,,Locke P J,Locke P J,Locke P J,,,,,,,,,,,,,,,,,,,,,,,,,,,,,,,Longland Arch T,Longland Arch T,,,,,,,,,,,,,,,,,,,,,,,,,,,,,,,,,,,,,,,,,,,,,,,,,,,,,,,,,,,,,,,,,,,,,,,,,,,,,Lorimer Lorimer & Asscts Pty Ltd,Lorimer Lorimer & Asscts Pty Ltd,Lorimer Lorimer & Asscts Pty Ltd,Lorimer Lorimer & Asscts Pty Ltd,Lorimer Lorimer & Asscts Pty Ltd,Lorimer Lorimer & Asscts Pty Ltd,Lorimer Lorimer & Associates Pty Ltd,Lorimer Lorimer & Associates Pty Ltd,Lorimer Lorimer & Associates Pty Ltd,,,,,,,,,,,,,,,,,,,,,,,,,,,,,,,,,,,,,,,,,,,,,,,,,Lorimer Lorimer & Associate,Lorimer Lorimer & Associate,Lorimer Lorimer & Associate,,,,,,,,,,,,,,,,,,,,,,,,,,,,,,,,,,,,,,,,,,,,,,,,,,,,,,,,,,,,,,,,,Loynes S R,Loynes S R,,,,,,,,,,,,,,,,,,,,,,,,,,,,,,,,,,,,,,,,,,,,,,,,,,,,,,,,,,,,,Loynes Selwyn R,Loynes Selwyn R,Loynes Selwyn R,Loynes Selwyn R,Loynes Selwyn R,Loynes Selwyn R,,,,,,,,,,,,,,,,,,,,,,,,,,,,,,,,,,,,,,,,,,,,,,,,,,Lumley A H,Lumley A H,Lumley A H,Lumley A H,Lumley A H,,,,,,,,,,,,,,,,,,,,,,,,,,,,,,,,,,,,,,,,,,,,,,,,,,,,,,,,,,,,,,Lumley Arthur,Lumley Arthur,,,,,,,,,,,,,,,,,,,,,,,,,,,,,,,,,,,,,,,,,,,,,,,,,,,,,,,,,,,,,Lumley Arthur & Nevil Tait,Lumley Arthur & Nevil Tait,Lumley Arthur & Nevil Tait,,,,,,,,,,,,,,,,,,,,,,,,,,,,,,,,,,,,,,,,,,,,,,,,,,Lund Hutton Newel Paulsen Pty Ltd,Lund Hutton Newel Paulsen Pty Ltd,Lund Hutton Newel Paulsen Pty Ltd,Lund Hutton Newel Paulsen Pty Ltd,Lund Hutton Newel Paulsen Pty Ltd,Lund Hutton Newel Paulsen Pty Ltd,Lund Hutton Newel Paulsen Pty Ltd,Lund Hutton Newel Paulsen Pty Ltd,Lund Hutton Newel Paulsen Pty Ltd,Lund Hutton Newel Paulsen Pty Ltd,Lund Hutton Newel Paulsen Pty Ltd,,,,,,,,,,,,,,,,,,,,,,,,,,,,,,,,,,,,,,,,,,,,,,Lund Neville H,Lund Neville H,Lund Neville H,,,Lund Neville H,Lund Neville H,Lund Neville H,Lund Neville H,Lund Neville H,Lund Neville H,Lund Neville H,Lund Neville H,Lund Neville H,Lund Neville H,,,,,,,,,,,,,,,,,,,,,,,,,,,,,,,,,,,,,,,,,,,,"Lund, Hutton & Newel",,,,,,,,,,,,,,,,,,,,,,,,,,,,,,,,,,,,,,,,,,,,,,,,,,,,,,,,,,,,,"Lund, Hutton, Newel, Black & Paulsen","Lund, Hutton, Newel, Black & Paulsen","Lund, Hutton, Newel, Black & Paulsen","Lund, Hutton, Newel, Black & Paulsen","Lund, Hutton, Newel, Black & Paulsen",,,,,,,,,,,,,,,,,,,,,,,,,,,,,,,,,,,,,,,,,,,,,,,,,,,,,,,,,,,,,,,,,,,,,Lynch B T,Lynch B T,Lynch B T,,,,,,,,,,,,,,,,,,,,,,,,,,,,,,,,,,,,,,,,,,,,,,,,,,,,,,Lysaght C J,Lysaght C J,Lysaght C J,Lysaght C J,Lysaght C J,Lysaght C J,Lysaght C J,,,,,,,,,,,,,,,,,,,,,,,,,,,,,,,,Macdonald H S,Macdonald H S,Macdonald H S,Macdonald H S,Macdonald H S,,,,,,,,,,Macdonald H S,Macdonald H S,Macdonald H S,Macdonald H S,Macdonald H S,Macdonald H S,Macdonald H S,Macdonald H S,Macdonald H S,Macdonald H S,Macdonald H S,Macdonald H S,,,,,,,,,,,,,,,,,,,,,,,,,,,,,,,,,,,,,,,,,,,,,,,,,,,,MacIntosh S & Garner R,,,,,,,,,,,,,,,,,,,,,,,,,,,,,,,,,,,,,,,,,,,,,,,,,,,,,,,,,,,,,MacIntosh Stuart,MacIntosh Stuart,MacIntosh Stuart,MacIntosh Stuart,MacIntosh Stuart,,,,,,,,,,,,,,,,,,,,,,,,,,,,,,,,,,,,,,,,,,,,,,,,,,,,,,,,,,,,,MacIntosh Stuart Pty Ltd,MacIntosh Stuart Pty Ltd,McIntosh Stuart Pty Ltd,McIntosh Stuart Pty Ltd,McIntosh Stuart Pty Ltd,McIntosh Stuart Pty Ltd,,,,,,,,,,,,,,,,,,,,,,,,,,,,,,,,,,,,,,,,,,,,,,,,,,,,,,,,,,,,Maifredi E F,,,,,,,,,,,,,,,,,,,,,,,,,,,,,,,,,,,,,,,,,,,,,,,,,,,,,Manathunga N S P,Manathunga N S P,Manathunga N S P,Manathunga N S P,Manathunga N S P,Manathunga N S P,Manathunga N S P,,,,,,,,,,,,,,,,,,,,,,,,,,,,,,,,,,,,,,,,,,,,,,,,,,,,,,,,,,,,Mandikos N M,Mandikos N M,,,,,,,,,,,,,,,,,,,,,,,,,,,,,,,,,,,,,,,,,,,,,,,,,,,,,,,,,Manifold G G,Manifold G G,Manifold G G,Manifold G G,,,,,,,,,,,,,,,,,,,,,,,,,,,,,,,,,,,,,,,,,,,,,,,,,,,,,,,,,,,Markwell J D,,,,,,,,,,,,,,,,,,,,,,,,,,,,,,,,,,,,,,,,,,,,,,,Marquis-Kyle S,Marquis-Kyle S,Marquis-Kyle S,Marquis-Kyle S,Marquis-Kyle S,Marquis-Kyle S,Marquis-Kyle S,Marquis-Kyle S,Marquis-Kyle S,Marquis-Kyle S,Marquis-Kyle S,Marquis-Kyle S,Marquis-Kyle S,Marquis-Kyle S,Marquis-Kyle S,,,,,,,,,,,,,,,,,,,,,,,,,,,,,,,,,,,,,,,,,,,,,,,,,,,,,,,,Marshall W J,Marshall W J,Marshall W J,Marshall W J,Marshall W J,,,,,,,,,,,,,,,,,,,,,,,,,,,,,,,,,,,,,,,,,,,,,,,,,,,,,,,,,,,,May R E,,,,,,,,,,,,,,,,,,,,,,,,,,,,,,,,,,,,,,,,,,,,,,,,,,,,,,,Mccormick J C,Mccormick J C,Mccormick J C,Mccormick J C,,Mccormick J C,,,,,,,,,,,,,,,,,,,,,,,,,,,,,,,,,,,,,,,,,,,,,,,,,,,,,,,,McKendry&Cheney,,,,,,,,,,,,,,,,,,,,,,,,,,,,,,,,,,,,,,,,,,,,,,,,,,,,,,,,,,,,,McKerrell T M,,,,,,,,,,,,,,,,,,,,,,,,,,,,,,,,,,,,,,,,,,,,,,,,,,,,,,,,,,,,,McLennan L W,McLennan L W,McLennan L W,,,,,,,,,,,,,,,,,,,,,,,,,,,,,,,,,,,,,,,,,,,,,,,,,McMahon E W,,,,,,,,,,,,,,,,,,,,,,,,,,,,,,,,,,,,,,,,,,,,,,,,,,,,,,,,,,,,,McMahon Edward W,McMahon Edward W,McMahon Edward W,McMahon Edward W,McMahon Edward W,McMahon Edward W,McMahon Edward W,McMahon Edward W,McMahon Edward W,McMahon Edward W,McMahon Edward W,,,,,,,,,,,,,,,,,,,,,,,,,,,,,,,,,,,,,,,,,,,,,,,,,,,,,McMinn J C,McMinn J C,McMinn J C,McMinn J C,,,,,,,,,,,,,,,,,,,,,,,,,,,,,,,,,,,,,,,,,,,,,,,,,,,,,,,,,,,,,McMurtie D W J,McMurtie D W J,McMurtie D W J,McMurtie D W J,,,,,,,,,,,,,,,,,,,,,,,,,,,,,,,McNaught & Cowlishaw,McNaught & Cowlishaw,McNaught & Cowlishaw,McNaught & Cowlishaw,McNaught J Ure & Cowlishaw G O,McNaught J Ure & Cowlishaw G O,McNaught J Ure & Cowlishaw G O,McNaught J Ure & Cowlishaw G O,McNaught J Ure & Cowlishaw G O,McNaught J Ure & Cowlishaw G O,McNaught J Ure & Cowlishaw G O,McNaught J Ure & Cowlishaw G O,McNaught J Ure & Cowlishaw G O,,,,,,,,,,,,,,,"McNaught J, Ure & Cowlishaw G O","McNaught J, Ure & Cowlishaw G O","McNaught J, Ure & Cowlishaw G O",,,,,,,,,,,,,,,,,,,,,,,,,,,,,,,,,,,,,,,,,,,,McNaught & Cowlishaw,McNaught & Cowlishaw,,,,,,,,,,,,,,,,,,,,,,,,,,,,,,,,,,,,,,,,,,,,,,,,,,,,,,,,,,,,,,,,,,,McPhee J D,McPhee J D,McPhee J D,McPhee J D,McPhee J D,McPhee J D,McPhee J D,McPhee J D,McPhee J D,,,,,,,,,,,,,,,,,,,,,,,,,,,,,,,,,,,,,Meek G,,Meek G,Meek G,Meek G,,,,,,,,,,,,,,,,,,,,,,,,,,,,,,,,,,,,,,,,,,,,,,,,,,,Meek Gregory,Meek Gregory,Meek Gregory,,,,,,,,,,,,,,,,,,,,,,,,,,,,,,,,,,,,,,,,,,,,,,,,,,,,,,,,,,,,,,,,,,,,,,,,,,,,,,,,,,,,Mejac R C,Mejac R C,,,,,,,,,,,,,,,,,,,,,,,,,,,,,,,,,,,,,,,,,,,,,,,,,,,,,,,,,Merrin & Cranston,Merrin & Cranston,Merrin & Cranston,Merrin & Cranston,Merrin & Cranston,,,,,,,,,,,,,,,,,,,,,,,,,,,,,,,,,,,,,,,,,,,,,,Merrin L N,Merrin L N,Merrin L N,Merrin L N,Merrin L N,Merrin L N,Merrin L N,Merrin L N,Merrin L N,Merrin L N,,,,,,,,,,,,,,,,,,,,,,,,,,,,,,,,,,,,,,,,,,,,,,,,,,,,,Michael S,Michael S,Michael S,Michael S,Michael S,Michael S,Michael S,Michael S,Michael S,Michael S,Michael S,Michael S,Michael S,,,,,,,,,,,,,,,,,,,,,,,,,,,,,,,Millar Jno,,,,,,,,,,,,,,,,,,,,,,,,,,,,,,,,,,,,,,,,,,,,,,,,,,,,,,,,,,,,,,,,,,,,,,,,,,,,,,,,,,,,,,,Miller & Colless Pty Ltd,Miller & Colless Pty Ltd,Miller & Colless Pty Ltd,,,,,,,,,,,,,,,,,,,,,,,,,,,,,,,,,,,,,,,,,,,,,,,,,,,,,,Miller & Wall,Miller & Wall,Miller & Wall,Miller & Wall,,,,,,,,,,,,,,,,,,,,,,,,,,,,,,,,,,,,,,,,,,,,,,,,,Miller D W,Miller D W,Miller D W,Miller D W,Miller D W,Miller D W,Miller D W,Miller D W,,,,,,,,,,,,,,,,,,,,,,,,,,,,,,,,,,,,,,,,,,,,,,,,,,,,,,,,,,,,,,,,,Miller Darvall & Partners,Miller Darvall & Partners,Miller Darvall & Partners,,,,,,,,,,,,,,,,,,,,,,,,,,,,,,,,,,,,,,,,,,,,,,Miller F,,,,,,,,,,,,,,,,,,,,,,,,,,,,,,,,,,,,,,,,,,,,,,,,,,,,,,,,,,,,,,,,,,,,,,,Miller Frank,Miller Frank,Miller Frank,Miller Frank,,,,,,,,,,,,,,,,,,,,,,,,,,,,,,,,,,,,,,,,,,,,,,Miller Nevil,Miller Nevil,Miller Nevil,Miller Nevil,Miller Nevil,Miller Nevil,Miller Nevil,Miller Nevil,Miller Nevil,Miller Nevil,Miller Nevil,Miller Nevil,,,,,,,,,,,,,,,,,,,,,,,,,,,,,,,,,,,,,,,,,,,,,,,,,,,,,,,,,,,,Mills H I,Mills H I,,,,,,,,,,,,,,,,,,,,,,,,,,,,,,,,,,,,,,,,,,,,,,,,,,,,,,,,,,,,Mitchell Jon & Associates,Mitchell Jon & Associates,,,,,,,,,,,,,,,,,,,,,,,,,,,,,,,,,,,,,,,,,,,,,,,,,,,Mooney Keith W,Mooney Keith W,Mooney Keith W,Mooney Keith W,Mooney Keith W,Mooney Keith W,Mooney Keith W,Mooney Keith W,,,,,,,,,,,,,,,,,,,,,,,,,,,,,,,,,,,,,,,,,,,,,,,,,,,,,,,,,Moore R F,Moore R F,Moore R F,Moore R F,Moore R F,Moore R F,Moore R F,,,,,,,,,,,,,,,,,,,,,,,,,,,,,,,,,,,,,,,,,,,,,,,,,,,,,,Moorhouse M,Moorhouse M,Moorhouse M,Moorhouse M,Moorhouse M,Moorhouse M,,,,,,,,,,,,,,,,,,,,,,,,,,,,,,,,,,,,,,,,,,,,,,,Morgan T C,Morgan T C,Morgan T C,Morgan T C,,Morgan T C,Morgan T C,Morgan T C,Morgan T C,Morgan T C,Morgan T C,Morgan T C,Morgan T C,,,,,,,,,,,,,,,,,,,,,,,,,,,,,,,,,,,,,,,,,,,,,,,,,,,,,Moroney P J,Moroney P J,Moroney P J,Moroney P J,Moroney P J,Moroney P J,Moroney P J,Moroney P J,Moroney P J,Moroney P J,,,,,,,,,,,,,,,,,,,,,,,,,,,,,,,,,,,,,,,,,,,,,,,,,,,,,,,,,,Moroney Patrick,Moroney Patrick,Moroney Patrick,,,,,,,,,,,,,,,,,,,,,,,,,,,,,,,,,,,,,,,,,,,,,,,,,,,,,,,,,,Morris B,Morris B,,,,,,,,,,,,,,,,,,,,,,,,,,,,,,,,,,,,,,,,,,,,,,,,,,,,,,,,,,,,,Morris Barry & Associates,,,,,,,,,,,,,,,,,,,,,,,,,,,,,,,,,,,,,,,,Moss C B,Moss C B,,,,,,,,,,,,,,,,,,,,,,,,,,,,,,,,,,,,,,,,,,,,,,,,,,,,,,,,,,,,,,,,,,,,,,,,,,,Mottram E E,Mottram E E,Mottram E E,Mottram E E,Mottram E E,,,,,,,,,,,,,,,,,,,,,,,,,,,,,,,,,,,,,,,,,,,,,,Moulds C H,Moulds C H,Moulds C H,,,,,,,,,,,,,,,,,,,,,,,,,,,,,,,,,,,,,,,,,,,Moulds W J,Moulds W J,,Moulds & MacMinn,Moulds & MacMinn,Moulds & MacMinn,Moulds & MacMinn,Moulds & MacMinn,Moulds & MacMinn,Moulds & MacMinn,Moulds & MacMinn,Moulds & MacMinn,Moulds & MacMinn,,,,,,,,,,,,,,,,,,,,,,Moulds W J & MacMinn T G,Moulds W J & MacMinn,Moulds W J & MacMinn T G,,,,,,,,,,,,,,,,,,,,,,,,,,,,,,,,,,,,,,,,,,,,,,,,,,,,,,,,,,,,,,,,,,,Moulds W J,Moulds W J,Moulds W J,Moulds W J,Moulds W J,Moulds W J,Moulds W J,Moulds W J,Moulds W J,Moulds W J,Moulds W J,Moulds W J,Moulds W J,Moulds W J,Moulds W J,Moulds W J,Moulds W J,,,,,,,,,,,,,,,,,,,,,,,,,,,,,,,,,,,,,,,,,,,,,,,,,,,,,,,,Mullins D,Mullins D,Mullins D,Mullins D,Mullins D,,,,,,,,,,,,,,,,,,,,,,,,,,,,,,,,,,,,,,,,,Munro C C,,,,,,,,,,,,,,,,,,,,,,,,,,,,,,,,,,,,,,,,,,,,,,,,,,,,,,,,,,,,,,,,,,,,,,,,,,,,Munro I T,Munro I T,Munro I T,,,,,,,,,,,,,,,,,,,,,,,,,,,,,,,,,,,,,,,,,,,,,,,,,,,,,,,,,,,,Munro Ian Associates Pty Ltd,,,,,,,,,,,,,,,,,,,,,,,,,,,,,,,,,,,,,,,,,,,,,,,,,,,,,,,,,Muszynski J,Muszynski J,Muszynski J,Muszynski J,,,,,,,,,,,,,,,,,,,,,,,,,,,,,,,,,,,,,,,,,,,,,,,,,,Needham A V H,,,,,,,,,,,,,,,,,,,,,,,,,,,,,,,,,,,,,,,,,,,,,,,,,,,,,,,,,,,,,,,,,,,,,,Negus John A,Negus John A,,,,,,,,,,,,,,,,,,,,,,,,,,,,,,,,,,,,,,,,,,,,,,,,,,,,,,,,,,Norris & Partners Pty Ltd,Norris & Partners Pty Ltd,Norris & Partners Pty Ltd,,,,,,,,,,,,,,,,,,,,,,,,,,,,,,,,,,,,,,,,,,,,,,,,,,,,,,,,,,,,North Coast Plans,,,,,,,,,,,,,,,,,,,,,,,,,,,,,,,,,,,,,,,,,,,,,,,,Nowland C E B,Nowland C E B,Nowland C E B,Nowland C E B,Nowland C E B,Nowland C E B,Nowland C E B,Nowland C E B,Nowland C E B,Nowland C E B,Nowland C E B,Nowland C E B,,,,,,,,,,,,,,,,,,,,,,,,,,,,,,,,,,,,,,,,,,,,,,,,,,,,,,,Nutter & Charlton,Nutter & Charlton,Nutter & Charlton,Nutter & Charlton,Nutter & Charlton,,,,,,,,,,,,,,,,,,,,,,,,,,,,,,,,,,,,,,,,,,,,,,,,Nutter D A,Nutter D A,Nutter D A,Nutter D A,Nutter D A,,,,,,,,,Nutter D A,Nutter D A,,,,,,,,,,,,,,,,,,,,,,,,,,,,,,,,,,,,,,,,,,,,,,,,,,,,,,,,,,,Nutter Stevensen & Partners,Nutter Stevensen & Partners,,,,,,,,,,,,,,,,,,,,,,,,,,,,,,,,,,,,,,,,,,,,,,,,,,,,,Nyrges L F,,,,,,,,,,,,,,,,,,,,,,,,,,,,,,,,,,,,,,,,,,,,,,,,,,,,,,,,,,,,,,,,O'Brien G J,O'Brien G J,O'Brien G J,,,,,,,,,,,,,,,,,,,,,,,,,,,,,,,,,,,,,,,,,,,,,,,,,,,,,,,O'Gorman P H,O'Gorman P H,O'Gorman P H,O'Gorman P H,O'Gorman P H,O'Gorman P H,O'Gorman P H,,,,,,,,,,,,,,,,,,,,,,,,,,,,,,,,,,,,,,,,,,,,,,,,,,,,,,,,,,O'Rourke Giles & Partners Pty Ltd,O'Rourke Giles & Partners Pty Ltd,O'Rourke Giles & Partners Pty Ltd,,,,,,,,,,,,,,,,,,,,,,,,,,,,,,,,,,,,,,,,,,,,,,,,,,,,,,,,O'Shea K J,O'Shea K J,O'Shea K J,O'Shea K J,O'Shea K J,,,,,,,,,,,,,,,,,,,,,,,,,,,,,,,,,,,,,,,,,,,,,,Oakden N D & Searl H D & Associates,,,,,,,,,,,,,,,,,,,,,,,,,,,,,,,,,,,,,,,,,,,,,,,,,,,,,,,,,,,,,Oakden Searl & Associates,Oakden Searl & Associates,Oakden Searl & Asscts,,,,,,,,,,,,,,,,,,,,,,,,,,,,,,,,,,,,,,,,,,,,,,,,,,,Osborn Max,,,,,,,,,,,,,,,,,,,,,,,,,,,,,,,,,,,,,,,,,,,,,,,,,,,,,,,,,,,,,,,,,,,,,,,,,Oswell F B & Asscts Pty Ltd,Oswell F B & Asscts Pty Ltd,Oswell F B & Asscts Pty Ltd,Oswell F B & Associates Pty Ltd,,,,Oswell F B & Associates Pty Ltd,,,,,,,,,,,,,,,,,,,,,,,,,,,,,,,,,,,,,,,,,,,,,,Oswell F B & Associates,Oswell F B & Associates,Oswell F B & Associates,Oswell F B & Asscts,Oswell F B & Asscts,Oswell F B & Asscts,Oswell F B & Asscts,,,,,,,,,,,,,,,,,,,,,,,,,,,,,,,,,,,,,,,,,,,,,,,,,,,,,,,,,,,,,,,,,,Page B W,Page B W,Page B W,,,,,,,,,,,,,,,,,,,,,,,,,,,,,,,,,,,,,,,,,,,,,,,,,,,,,,Page Bevin W,Page Bevin W,Page Bevin W,Page Bevin W,,,,,,,,,,,,,,,,,,,,,,,,,,,,,,,,,,,,,,,,,,,,,,,,,Parkinson H J,Parkinson H J,Parkinson H J,Parkinson H J,Parkinson H J,Parkinson H J,Parkinson H J,Parkinson H J,Parkinson H J,Parkinson H J,Parkinson H J,Parkinson H J,,,,,,,,,,,,,,,,,,,,,,,,,,,,,,,,,,,,,,,,,,,,,,,,,,,,,,,,,,,,,Parkinson H J & Associates,Parkinson H J & Associates,Parkinson H J & Associates,,,,,,,,,,,,,,,,,,,,,,,,,,,,,,,,,,,,,,,,,,,,,,,,,,,,,,,,,,Parnell John A,Parnell John A,,,,,,,,,,,,,,,,,,,,,,,,,,,,,,,,,,,,,,,,,,,,,,,,,,,Parups G E,Parups G E,Parups G E,Parups G E,Parups G E,Parups G E,Parups G E,Parups G E,Parups G E,Parups G E,Parups G E,,,,,,,,,,,,,,,,,,,,,,,,,,,,,,,,,,,,,,,,,,,,,,,,,,,,,,,,,,Patterson Gavin,Patterson Gavin,Patterson Gavin,,,,,,,,,,,,,,,,,,,,,,,,,,,,,,,,,,,,,,,,,,,,,,,,,,,,,,,,,,,,Paulsen B D,,,,,,,,,,,,,,,,,,,,,,,,,,,,,,,,,,,,,,,,,,,,,,,Paulsen Bruce D,Paulsen Bruce D,Paulsen Bruce D,Paulsen Bruce D,Paulsen Bruce D,Paulsen Bruce D,Paulsen Bruce D,Paulsen Bruce D,Paulsen Bruce D,Paulsen Bruce D,Paulsen Bruce D,,,,,,,,,,,,,,,,,,,,,,,,,,,,,,,,,,,,,,,,,,,,,,,,,,,Paulsen H N,Paulsen H N,Paulsen H N,Paulsen H N,Paulsen H N,Paulsen H N,Paulsen H N,Paulsen H N,Paulsen H N,Paulsen H N,Paulsen H N,Paulsen H N,Paulsen H N,,,,,,,,,,,,,,,,,,,,,,,,,,,,,,,,,,,,,,,,,,,,,,,,,,,,,,,,,,,Peddle Thorp & Harvey,Peddle Thorp & Harvey,,,,,,,,,,,,,,,,,,,,,,,,,,,,,,,,,,,,,,,,,,,,,,,,,Peddle Thorp & Walker,Peddle Thorp & Walker,Peddle Thorp & Walker,Peddle Thorp & Walker,Peddle Thorp & Walker,Peddle Thorp & Walker,Peddle Thorp & Walker,Peddle Thorp & Walker,Peddle Thorp & Walker,Peddle Thorp & Walker,,,,,,,,,,,,,,,,,,,,,,,,,,,,,,,,,,,,,,,,,,,,,,,,Peden F,,,,,,,,,,,,,,,,,,,,,,,,,,,,,,,,,,,,,,,,,,,,,,,,,,,,,,,,,,,,,Pemberton R A,Pemberton R A,Pemberton R A,Pemberton R A,Pemberton R A,,,,,,,,,,,,,,,,,,,,,,,,,,,,,,,,,,,,,,,,,,,,,,,,,,,,,,,,,,,,,,,,,,Peninsula Architects,Peninsula Architects,,Peninsula Architects,,,,,,,,,,,,,,,,,,,,,,,,,,,,,,,,,,,,,,,,,,,,,,,,,,,,,,,,Peters W G,,,,,,,,,,,,,,,,,,,,,,,,,,,,,,,,,,,,,,,,,,,,,,,,,,,Peterson G S,Peterson G S,Peterson G S,Peterson G S,,Peterson G S,Peterson G S,Peterson G S,Peterson G S,Peterson G S,Peterson G S,Peterson G S,,Peterson G S,,,,,,,,,,,,,,,,,,,,,,,,,,,,,,,,,,,,,,,,,,,,,,,,,,,Pie Geoffrey,Pie Geoffrey,Pie Geoffrey,Pie Geoffrey,Pie Geoffrey,Pie Geoffrey,Pie Geoffrey,,,,,,,,,,,,,,,,,,,,,,,,,,,,,,,,,,,,,,,,,,,,,,,,,,,,,,,,,,,,,Pie Geoffrey Architects Planners Pty Ltd,,Pie Geoffrey Architects Planners Pty Ltd,,,,,,,,,,,,,,,,,,,,,,,,,,,,,,,,,,,,,,,,,,,,,,,,,,,,,,,,,,Pierce W I,,Pierce W I,,,,,,,,,,,,,,,,,,,,,,,,,,,,,,,Plant C E,Plant C E,Plant C E,Plant C E,,,,,,,,,,,,Plant C E,Plant C E,Plant C E,Plant C E,Plant C E,Plant C E,Plant C E,Plant C E,Plant C E,Plant C E,Plant C E,Plant C E,,,,,,,,,,,,,,,,,,,,,,,,,,,,,,,,,,,,,,,,,,,,,,,,,,,,,,,Poole Gabriel,Poole Gabriel,Poole Gabriel,,,,,,,,,,,,,,,,,,,,,,,,,,,,,,,,,,,,,,,,,,,,,,,,,,,,,,,,,,,,,,,,,,Powel Dods & Thorp,,,,,,,,,,,,,,,,,,,,,,,,,,,,,,Powell Dods & Thorpe,Powell Dods & Thorpe Lange L,Powell Dods & Thorpe Lange L,Powell Dods & Thorpe Lange L,Powell Dods & Thorpe Lange L,Powell Dods & Thorpe,Powell Dods & Thorpe,"Powell, Dods & Thorpe","Powell, Dods & Thorpe","Powell, Dods & Thorpe","Powell, Dods & Thorpe","Powell, Dods & Thorpe","Powell, Dods & Thorpe","Powell, Dods & Thorpe","Powell, Dods & Thorpe","Powell, Dods & Thorpe",Powell Dods & Thorpe,Powell Dods & Thorpe,Powell Dods & Thorpe,Powell Dods & Thorpe,Powell Dods & Thorpe,Powell Dods & Thorpe,Powell Dods & Thorpe,Powell Dods & Thorpe,Powell Dods & Thorpe,Powell Dods & Thorpe,Powell Dods & Thorpe,Powell Dods & Thorpe,Powell Dods & Thorpe,,,,,,,,,,,,,,,,,,,,,,,,,,,,,,,,,,,,,,,,,,,,,,,,,,,,,,,,,,,,,Prangley & Crofts Pty Ltd,Prangley & Crofts Pty Ltd,,,,,,,,,,,,,,,,,,,,,,,,,,,,,,,Prangley & Tesch,Prangley & Tesch,,Prangley & Crofts,Prangley & Crofts,Prangley & Crofts,Prangley & Crofts,,Prangley & Crofts,Prangley & Crofts,Prangley & Crofts,Prangley & Crofts,Prangley & Crofts,Prangley & Crofts,Prangley & Crofts,Prangley & Crofts,Prangley & Crofts,Prangley & Crofts,Prangley & Crofts,Prangley & Crofts,Prangley & Crofts,Prangley & Crofts,Prangley & Crofts,Prangley & Crofts,Prangley & Crofts,Prangley & Crofts,Prangley & Crofts,Prangley & Crofts,,,,,,Tesch Colin,,,,,,,,,,,,Tesch Colin,Tesch Colin,Tesch Colin,Tesch Colin,Tesch Colin,Tesch Colin,Tesch Colin,Tesch Colin,Tesch Colin,Tesch Colin,Tesch Colin,Tesch Colin,Tesch Colin,Tesch Colin,,,,,,,,,,,,,,,,,,,,,,,,,,,,,,,,,,,,,,,,,,,,,,,Prangley D S,Prangley D S,Prangley D S,Prangley D S,Prangley D S,Prangley D S,Prangley D S,Prangley D S,Prangley D S,Prangley D S,Prangley D S,Prangley D S,Prangley D S,Prangley D S,Prangley D S,,,,,,,,,,,,,,,,,,,,,,,,,,,,,,Prior S W,Prior S W,Prior S W,Prior S W,Prior S W,,,,,,,,,,,,,,,,,,,,,,,,,,,,,,,,,,,,,,,,,,,,,,,,,,,,,,,,Prior Syd W,Prior Syd W,Prior Syd W,Prior Syd W,Prior Syd W,,,,,,,,,,,,,,,,,,,,,,,,,,,,,,,,,,,,,,,,,,,,,,,,,,,,,,,,,,,,,,,,,,,,,,,,,,,,,,,,,,,Purssey R S,,,,,,,,,,,,,,,,,,,,,,,,,,,,,,,,,,,,,,,,,,,,,,,,Purssey Ronald,Purssey Ronald,Purssey Ronald,Purssey Ronald,Purssey Ronald,Purssey Ronald,Purssey Ronald,Purssey Ronald,Purssey Ronald,Purssey Ronald,,,,Purssey Ronald,,Purssey Ronald,,,,,,,,,,,,,,,,,,,,,,,,,,,,,,,,,,,,,,,,,,,,,,,,,,,,,,,,,,Purssey Ronald & Associates,Purssey Ronald & Associates,Purssey Ronald & Associates,,,,,,,,,,,,,,,,,,,,,,,,,,,,,,,,,,,,,,,,,,,,,,,,,,,,,,,Purssey Ronald & Bell,Purssey Ronald & Bell,Purssey Ronald & Bell,,,,,,,,,,,,,,,,,,,,,,,,,,,,,,,,,,,,,,,,,,,,,,,,,,,,,,,,,,Queensland Marinas Pty Ltd,,,,,,,,,,,,,,,,,,,,,,,,,,,,,,,,,,,,,,,,,,,,,,,,,,,,,,Railton John,Railton John,Railton John,Railton John,Railton John,Railton John,,,,,,,,,,,,,,,,,,,,,,,,,,,,,,,,,,,,,,,,,,,,,,,,,,,,,,,,,,,,,,,,,,Rea B G,,,,,,,,,,,,,,,,,,,,,,,,,,,,,,,,,,,,,,,,,,,,,,,,,,,,,,,,,,,Rea G J,Rea G J,,,,,,,,,,,,,,,,,,,,,,,,,,,,,,,,,,,,,,,,,,,,,,,,,,,,,Reed J Stuart,Reed J Stuart,Reed J Stuart,Reed J Stuart,,,,,,,,,,,,,,,,,,,,,,,,,,,,,,,,,,,,,,,,,,,,,,,,,,,,,,,,,,,,,Reed Stuart & Associates,Reed Stuart & Associates,Reed Stuart & Associates,Reed Stuart & Associates,,,,,,,,,,,,,,,,,,,,,,,,,,,,,,,,,,,,,,,,,,,,,,,,,,,,,,,,,,,,Retchford R,,,,,,,,,,,,,,,,,,,,,,,,,,,,,,,,,,,,,,,,,,,,,,,,,,,,,,,,,,,Retchford R R,Retchford R R,,,,,,,,,,,,,,,,,,,,,,,,,,,,,,,,,,,,,,,,,,,,,,,,,,,,,,,,,,,Retchford Robin,,,,,,,,,,,,,,,,,,,,,,,,,,,,,,,,,,,,,,,,,,,,,,,,,,,,,,,,,,,Richardson G M,Richardson G M,Richardson G M,,,,,,,,,,,,,,,,,,,,,,,,,,,,,,,,,,,,,,,,,,,,,,,,,,,,,,,,,,Robbins A J,Robbins A J,,,,,,,,,,,,,,,,,,,,,,,,,,,,,,,,,,,,,,,,,,,,,,,Robinson C H V,Robinson C H V,Robinson C H V,Robinson C H V,,,,,,,,,,,,,,,,,,,,,,,,,,,,,,,,,,,,,,,,,,,,,,,,,,,Robinson Cecil,Robinson Cecil,Robinson Cecil,Robinson Cecil,Robinson Cecil,Robinson Cecil,,,,,,,,,,,,,,,,,,,,,,,,,,,,,,,,,,,,,,,,,,,,,,,,,,,,,,,,,,,,,,,,,,,,,,,,,,,Robinson Noel,,,,,,,,,,,,,,,,,,,,,,,,,,,,,,,,,,,,,,,,,,,,,,,,,,,,,,,,,,Robinson Noel & Partners,Robinson Noel & Partners,,,,,,,,,,,,,,,,,,,,,,,,,,,,,,,,,,,,,,,,,,,,,,,,,,,,,,,Robley M H,Robley M H,Robley M H,,,,,,,,,,,,,,,,,,,,,,,,,,,,,,,,,,,,,,,,,,,,,,,,,,,,,,,,,,,,,,Roseler G A,Roseler G A,Roseler G A,,,,,,,,,,,,,,,,,,,,,,,,,,,,,,,,,,,,,,,,,,,,,,,,,,,,,,,,Ross N F W G,Ross N F W G,Ross N F W G,Ross N F W G,Ross N F W G,,,,,,,,,,,,,,,,,,,,,,,,,,,,,,,,,,,,,,,,,,,,,,,Rubis J V,Rubis J V,Rubis J V,,,,Rubis J V,Rubis J V,Rubis J V,Rubis J V,Rubis J V,Rubis J V,Rubis J V,Rubis J V,,,,,,,,,,,,,,,,,,,,,,,,,,,,,,,,,,,,,,,,,,,,,,Ryan Bernard J,Ryan Bernard J,Ryan Bernard J,Ryan Bernard J,Ryan Bernard J,Ryan Bernard J,Ryan Bernard J,Ryan Bernard J,Ryan Bernard J,Ryan Bernard J,Ryan Bernard J,Ryan Bernard J,Ryan Bernard J,Ryan Bernard J,Ryan Bernard J,,,,,,,,,,,,,,,,,,,,,,,,,,,,,,,,,,,,,,,,,,,,,,Ryan S J,Ryan S J,Ryan S J,Ryan S J,Ryan S J,Ryan S J,,Ryan S J,Ryan S J,Ryan S J,Ryan S J,Ryan S J,Ryan S J,Ryan S J,,,,,,,,,,,,,,,,,,,,,,,,,,,,,,,,,,,,,,,,,,,,,,,,,,,,,,,,,Ryan S J Architect & Associate,Ryan S J Architect & Associate,Ryan S J Architect & Associate,Ryan S J Architect & Associate,Ryan S J Architect & Associate,,,,,,,,,,,,,,,,,,,,,,,,,,,,,,,,,,,,,,,,,,,,,,,,Ryan Shane V,Ryan Shane V,Ryan Shane V,Ryan Shane V,Ryan Shane V,Ryan Shane V,Ryan Shane V,Ryan Shane V,Ryan Shane V,Ryan Shane V,Ryan Shane V,Ryan Shane V,Ryan Shane V,,,,,,,,,,,,,,,,,,,,,,,,,,,,,,,,Rylance M H,Rylance M H,Rylance M H,Rylance Mervyn H,Rylance Mervyn H,Rylance Mervyn H,Rylance Mervyn H,Rylance Mervyn H,Rylance Mervyn H,Rylance Mervyn H,Rylance Mervyn H,Rylance Mervyn H,Rylance Mervyn H,Rylance Mervyn H,Rylance Mervyn H,Rylance Mervyn H,Rylance Mervyn H,Rylance Mervyn H,Rylance Mervyn H,Rylance Mervyn H,Rylance Mervyn H,Rylance Mervyn H,Rylance Mervyn H,Rylance Mervyn H,Rylance Mervyn H,,,,,,,,,,,,,,,,,,,,,,,,,,,,,,,,,,,,,,,,,,,,,,,,,,,,,,,,,,,,,,,Rylance M H,Rylance M H,,,,,,,,,,,,,,,,,,,,,,,,,,,,,,,,,,,,,,,,,,,,,,,,,,,,,,,,,,,Saggin Anthony,Saggin Anthony,,,,,,,,,,,,,,,,,,,,,,,,,,,,,,,,,,,,,,,,,,,,,,Salmon F C W,Salmon F C W,Salmon F C W,Salmon F C W,Salmon F C W,Salmon F C W,Salmon F C W,Salmon F C W,Salmon F C W,Salmon F C W,Salmon F C W,Salmon F C W,Salmon F C W,Salmon F C W,Salmon F C W,,,,,,,,,,,,,,,,,,,,,,,,,,,,,,,,,,,,,,,,,,,,,,,,,,,,,,,,,,,Sanders N G,Sanders N G,,,,,,,,,,,,,,,,,,,,,,,,,,,,,,,,,,,,,,,,,,,,,,,,,,,Schellback B N,Schellback B N,Schellback B N,,,,,,Schellback B N,Schellback B N,,,,,,,,,,,,,,,,,,,,,,,,,,,,,,,,,,,,,,,,,,,,,,,,,,,,,,Schellback Brian,Schellback Brian,Schellback Brian,Schellback Brian,Schellback Brian,,,,,,,,,,,,,,,,,,,,,,,,,,,,,,,,,,,,,,,,,,,,,,,,,,,,,,,,,Schneidewin G J,Schneidewin G J,Schneidewin G J,Schneidewin G J,,Schneidewin G J,,,,,,,,,,,,,,,,,,,,,,,,,,,,,,,,,,,,,,,,,,,,,,,,,,,,,,,,,Schofield I,Schofield I,Schofield I,Schofield I,,,,,,,,,,,,,,,,,,,,,,,,,,,,,,,,,,,,,,,,,,,,,,,,,,Scobie E B,Scobie E B,Scobie E B,Scobie E B,Scobie E B,,,,,,,,,,,,,,,,,,,,,,,,,,,,,,,,,,,,,,,,Scorer & Scorer,,,,,Scorer & Scorer,Scorer & Scorer,Scorer & Scorer,Scorer & Scorer,Scorer & Scorer,Scorer & Scorer,Scorer & Scorer,Scorer & Scorer,Scorer & Scorer,Scorer & Scorer,Scorer & Scorer,Scorer & Scorer,Scorer & Scorer,,,,,,,,,,,,,,,,,,,,,,,,,,,,,,,,,,,,,,,,,,,,,,,,,,,,,,,Scott C R,Scott C R,Scott C R,Scott C R,Scott C R,Scott C R,Scott C R,Scott C R,Scott C R,Scott C R,Scott C R,Scott C R,Scott C R,Scott C R,Scott C R,,,,,,,,,,,,,,,,,,,,,,,,,,,,,,,,,,,,,,,,,,,,,,,Searl H D,,,Searl H D,,,,,,,,,,,,,,,,,,,,,,,,,,,,,,,,,,,,,,,,,,,,,Searl H Desmond,Searl H Desmond,Searl & Tannett,Searl & Tannett,Searl & Tannett,Searl & Tannett,Searl & Tannett,Searl & Tannett,Searl & Tannett,,,,,,,,,,,,,,,,,,,,,,,,,,,,,,,,,,,,,,,,,,,,,,,,,,,,,Shaw R Ashley,Shaw R Ashley,,,,,,,,,,,,,,,,,,,,,,,,,,,,,,,,,,,,,,,,,,,,,,,,,,,,,,,,,,,,,,,,,,,,,,,,,,,,,Shinners N J,Shinners N J,,,,,,,,,,,,,,,,,,,,,,,,,,,,,,,,,,,,,,,,,,,,,,,,,,,,,,,,,,,Simpson B A,Simpson B A,Simpson B A,Simpson B A,Simpson B A,Simpson B A,Simpson B A,,,,,,,,,,,,,,,,,,,,,,,,,,,,,,,,,,,,,,,,,,,,,,,,,,,,Simpson Brian A,Simpson Brian A,,,,,,,,,,,,,,,,,,,,,,,,,,,,,,,,,,,,,,,,,,,,,,,,,,,,,,Sinnamon T T,Sinnamon I T,Sinnamon I T,Sinnamon I T,Sinnamon I T,Sinnamon I T,Sinnamon I T,,,,,,,,,,,,,,,,,,,,,,,,,,,,,,,,,,,,,,,,,,,,,,,,,,,,,,,Skibby Borge,Skibby Borge,Skibby Borge,,,,,,,,,,,,,,,,,,,,,,,,,,,,,,,,,,,,,,,,,,,,,,,,,,,,,,,,Smith John S,Smith John S,Smith John S,Smith John S,Smith John S,Smith John S,Smith John S,Smith John S,Smith John S,,,Smith John S,Smith John S,Smith John S,Smith John S,,,,,,,,,,,,,,,,,,,,,,,,,,,,,,,,,,,,,,,,,,,,,,Smith R S,Smith R S,Smith R S,Smith R S,Smith R S,Smith R S,Smith R S,Smith R S,Smith R S,Smith L S,Smith L S,Smith L S,Smith L S,Smith L S,Smith L S,,,,,,,,,,,,,,,,,,,,,,,,,,,,,,,,,,,,,,,,,,Smith Ray,,,,,,,,,,,,,,,,,,,,,,,,,,,,,,,,,,,,,,,,,,,,,,,,,,,,,,,,,,,,,Smith Ray S,Smith Ray S,Smith Ray S,,,,,,,,,,,,,,,,,,,,,,,,,,,,,,,,,,,,,,,,,,,,,,,,,,,,,,,,,,,,,Smith Trevor W,Smith Trevor W,Smith Trevor W,Smith Trevor W,Smith Trevor W,Smith Trevor W,Smith Trevor W,Smith Trevor W,Smith Trevor W,Smith Trevor W,Smith Trevor W,Smith Trevor W,Smith Trevor W,Smith Trevor W,Smith Trevor W,,,,,,,,,,,,,,,,,,,,,,,,,,,,,,,,,,,,,,,,,,,,,,,,,,,,,,,,,,Somers K H D,Somers K H D,Somers K H D,,,,,,,,,,,,,,,,,,,,,,,,,,,,,,,,,,,,,,,,,Somerset Group,,,,,,,,,,,,,,,,,,,,,,,,,,,,,,,,,,,,,,,,,,,,,,,,,,,,,,,,,,,,,,,,,,,,,,,,,,,Spencer Donald & Associates,Spencer Donald & Associates,,,,,,,,,,,,,,,,,,,,,,,,,,,,,,,,,,,,,,,,,,,,,,,,,,,,,,,,,,,,,Spencer Donald & Associates Pty Ltd,Spencer Donald & Associates Pty Ltd,Spencer Donald & Associates Pty Ltd,,,,,,,,,,,,,,,,,,,,,,,,,,,,,,,,,,,,,,,,,,,,,,,,,,Spencer Donald & Spencer Pty Ltd,Spencer Donald & Spencer Pty Ltd,Spencer Donald & Spencer Pty Ltd,Spencer Donald & Spencer Pty Ltd,Spencer Donald & Spencer Pty Ltd,Spencer Donald & Spencer Pty Ltd,,,,,,,,,,,,,,,,,,,,,,,,,,,,,,,,,,,,,,,,,,,,,,,,,,,Spencer Donald W,Spencer Donald W,Spencer Donald W,Spencer Donald W,,,,,,,,,,,,,,,,,,,,,,,,,,,,,,,,,,,,,,,,,,,,,,,,,,,,,,,,,,,,,,,,,,,Spencer Robin,Spencer Robin,Spencer Robin,Spencer Robin,,,,,,,,,,,,,,,,,,,,,,,,,,,,,,,,,,,,,,,,,,,,,,,,,,,,,,,,,,,,,Spencer Robin Architect,,,,,,,,,,,,,,,,,,,,,,,,,,,,,,,,,,,,,,,,,,,,,,,,,,,,,,,,,Stavovy R,Stavovy R,,,,,,,,,,,,,,,,,,,,,,,,,,,,,,,,,,,,,,,,,,,,,,,,,,,,,,,,,Stephenson & Turner,Stephenson & Turner,Stephenson & Turner,Stephenson & Turner,Stephenson & Turner,Stephenson & Turner,,,,,,,,,,,,,,,,,,,,,,,,,,,,,,,,,,,,,,,,,,,,,,,,,,,,,,,,,,Stevens J B,Stevens J B,Stevens J B,,,,,,,,,,,,,,,,,,,,,,,,,,,,,,,,,,,,,,,,,,,,,,,,,,,,,,,Stevenson K S,,Stevensen K S,Stevensen K S,Stevensen K S,Stevensen K S,,,,,,,,,,,,,,,,,,,,,,,,,,,,,,,,,,,,,,,,,,,,,,,,,Stewart - Nairne H,Stewart - Nairne H,,,,,,,,,,,,,,,,,,,,,,,,,,,,,,,,,,,,,,,,,,,,,,,,,,,,,,,,,,,,,Stewart J R,Stewart J R,Stewart J R,Stewart J R,Stewart J R,Stewart J R,Stewart J R,Stewart J R,Stewart J R,,,,,,,,,,,,,,,,,,,,,,,,,,,,,,,,,,,,,,,,,,Stewart N G,Stewart N G,Stewart N G,Stewart N G,Stewart N G,Stewart N G,Stewart N G,Stewart N G,Stewart N G,Stewart N G,Stewart N G,Stewart N G,Stewart N G,Stewart N G,Stewart N G,Stewart N G,Stewart N G,Stewart N G,Stewart N G,,,,,,,,,,,,,,,,,,,,,,,,,,,,,,,,,,,,,,,,,,,,,,,,,,,,,,,,,,,,,Stewart N G & Hebron Pty Ltd,,,,,,,,,,,,,,,,,,,,,,,,,,,,,,,,,,,,,,,,,,,,,,,,,,,,,,,,,,Story C G R,Story C G R,Story C G R,,,,,,,,,,,,,,,,,,,,,,,,,,,,,,,,,,,,,,,,,,,,,,,,,,,,,Stringer R E,Stringer R E,Stringer R E,Stringer R E,Stringer R E,Stringer R E,Stringer R E,Stringer R E,,,,,,,,,,,,,,,,,,,,,,,,,,,,,,,,,,,,,,,,,,,,,,,,,,,,,,,,,,Struthers L S,Struthers L S,Struthers L S,,,,,,,,,,,,,,,,,,,,,,,,,,,,,,,,,,,,,,,,,,,,,,,,,,,,,,,,,,,Stuart-Nairne H,Stuart-Nairne H,,,,,,,,,,,,,,,,,,,,,,,,,,,,,,,,,,,,,,,,,,,,,,,,,,,,,,,,Sunners R A,Sunners R A,Sunners R A,Sunners R A,Sunners R A,,,,,,,,,,,,,,,,,,,,,,,,,,,,,,,,,,,,,,,,,Svoboda J,Svoboda J,Svoboda J,Svoboda J,Svoboda J,,,,Svoboda J,Svoboda J,,,,,,,,,,,,,,,,,,,,,,,,,,,,,,,,,,,,,,,,,,,,,,,,,,,,,,,,Svoboda Jiri,Svoboda Jiri,Svoboda Jiri,,,Svoboda Jiri,Svoboda Jiri,Svoboda Jiri,Svoboda Jiri,,,,,,,,,,,,,,,,,,,,,,,,,,,,,,,,,,,,,,,,,,,,,,,,,,,,,,,,,,Szymanowski W,,,,,,,,,,,,,,,,,,,,,,,,,,,,,,,,,,,,,,,,,,,,,,,,,,,,,,,,,,,,,,,,,,Tan H H,Tan H H,Tan H H,,,,,,,,,,,,,,,,,,,,,,,,,,,,,,,,,,,,,,,,,,,,,,Tannet Colin,Tannet Colin,Tannet Colin,Tannet Colin,Tannet Colin,Tannet Colin,Tannet Colin,Tannet Colin,Tannet Colin,Tannet Colin,,,,,,,,,,,,,,,,,,,,,,,,,,,,,,,,,,,,,,,,,,,,,,,,,Tannet Colin S,Tannet Colin S,,,,,,,,,,,Tannet Colin S,Tannet Colin S,Tannet Colin S,Tannet Colin S,Tannet Colin S,,,,,,,,,,,,,,,,,,,,,,,,,,,,,,,,,,,,,,,,,,,,,,,,,,,,,,,,,,,Tanton R L,Tanton R L,,,,,,,,,,,,,,,,,,,,,,,,,,,,,,,,,,,,,,,,,,,,,,,,,,,,,,,,,,,,Taylor Lloyd,,,,,,,,,,,,,,,,,,,,,,,,,,,,,,,,,,,,,,,,,,,,,,,,,,,,Taylor T,,,,,,,,,,,,,,,,,,,,,,,,,,,,,,,,,,,,,,,,,,,,,,,,,,,,,,,,,,,,,,,,,,,,Tesch Colin Associates Pty Ltd,,,,,,,,,,,,,,,,,,,,,,,,,,,,,,,,,,,,,,,,,,,,,,,,,,,,,Tesch E S,Tesch E S,,,,,,,,,,,,,,,,,,,,,,,,,,,,,,,,,,,,,,,,,,,,,,,,,,,,,,,,,,,Thelwall B,Thelwall B,Thelwall B,Thelwall B,Thelwall B,Thelwall B,Thelwall B,,,,,,,,,,,,,,,,,,,,,,,,,,,,,,,Thewern Eric P,Thewern Eric P,Thewern Eric P,Thewern Eric P,Thewern Eric P,,,,,,,,Trewern Eric P,Trewern Eric P,Trewern Eric P,Trewern Eric P,,,,,,,,,,,,,,,,,,,,,,,,,,,,,,,,,,,,,,,,,,,,,,,,,,,,,,,,,,,,,,,,,,,,,Thomas G S,Thomas G S,Thomas G S,Thomas G S,Thomas G S,Thomas G S,Thomas G S,,,,,,,,,,,,,,,,,,,,,,,,,,,,,,,,,,,,,,,,,,,,,,,,,,,,,Thomas S G,,,,,,,,,,,,,,,,,,,,,,,,,,,,,,,,,,,,,,,,,,,,,,,,,,,,,,,,,,,,,Thompson- Seagrave G F,Thompson- Seagrave G F,Thompson- Seagrave G F,Thompson- Seagrave G F,Thompson- Seagrave G F,Thompson- Seagrave G F,,,,,,,,,,,,,,,,,,,,,,,,,,,,,,,,,,,,,,,,,,,,,,,,,,,,,,,Thomson I F,Thomson I F,Thomson I F,Thomson I F,,,,,,,,,,,,,,,,,,,,,,,,,,,,,,,,,,,,,,,,,,,,,,,,,,,,,,,,,,,,Thomson I F & Adsett R Y,Thomson I F & Adsett R Y,Thomson I F & Adsett R Y,Thomson I F & Adsett R Y,,,,,,,,,,,,,,,,,,,,,,,,,,,,,,,,,,,,,,,,,,,,,,,,,,,,,,,,,,Thomson Ian F,Thomson Ian F,Thomson Ian F,,,,,,,,,,,,,,,,,,,,,,,,,,,,,,,,,,,,,Thynne & Hitch,Thynne Theo & Associates,Thynne Theo & Associates,Thynne Theo & Associates,Thynne Theo & Associates,,,,,Thynne Theo & Associates,Thynne Theo & Associates,Thynne Theo & Asscts,,,,,,,,,,,,Thynne Theo & Associates,,,,,,,,,,,,,,,,,,,,,,,,,,,,,,,,,,,,,,,,,,,,,,,,,Thynne Theo Denham & Asscts,Thynne Theo Denham & Asscts,Thynne Theo Denham & Asscts,Thynne Theo Denham & Asscts,Thynne Theo Denham & Asscts,Thynne Theo Denham & Asscts,Thynne Theo Denham & Asscts,Thynne Theo Denham & Asscts,Thynne Theo Denham & Asscts,Thynne Theo Denham & Asscts,Thynne Theo Denham & Asscts,,,,,,,,,,,,,,,,,,,,,,,,,,,,,,,,,,,,,,,,,,,,,,,,,,,,,,,,,,,,,Timmers J K,,,,,,,,,,,,,,,,,,,,,,,,,,,,,,,,,,,,,,,,,,,,,,,,,,,,,,,,Timmus Pty Ltd,,,,,,,,,,,,,,,,,,,,,,,,,,,,,,,,,,,,,,,,,,,,,,,,,,Toni F J P,Toni F J P,,,,,,,,,,,,,,,,,,,,,,,,,,,,,,,,,,,,,,,,,,,,,,,,,,,,,,,,,,,Trapp C P & Reed J Stuart,Trapp C P & Reed J Stuart,,,,,,,,,,,,,,,,,,,,,,,,,,,,,,,,,,,,,,,,,,,,,,,,,,,,,,,,,,,,,,,,,,Trapp Colin & Asscts,Trapp Colin & Asscts,Trapp Colin & Asscts,Trapp Colin & Asscts,,,,,,,,,,,,,,,,,,,,,,,,,,,,,,,,,,,,,,,,,,,,,,,,,,,,,,,,,,,,,Trapp Colin & Associates Pty Ltd,Trapp Colin & Associates Pty Ltd,Trapp Colin & Associates Pty Ltd,Trapp Colin & Associates Pty Ltd,,,,,,,,,,,,,,,,,,,,,,,,,,,,,,,,,,,,,,,,,,,,,,,,Trapp Colin & Reed,Trapp Colin & Reed,Trapp Colin & Reed,Trapp Colin & Reed,Trapp Colin & Reed,,,,,,,,,,,,,,,,,,,,,,,,,,,,,,,,,,,,,,,,,,,,,,,,Trapp Colin P,Trapp Colin P,Trapp Colin P,Trapp Colin P,Trapp Colin P,Trapp Colin P,,,Trapp Colin P,Trapp Colin P,Trapp Colin P,Trapp Colin P,Trapp Colin P,Trapp Colin P,Trapp Colin P,Trapp Colin P,Trapp Colin P,Trapp Colin P,Trapp Colin P,Trapp Colin P,,,,,,,,,,,,,,,,,,,,,,,,,,,,,,,,,,,,,,,,,,,,,,,,,,,,,,,Trewern A R,,,,,,,,,,,,,,,,,,,,,,,,,,,,,,,,,,,,,,,,,,,,,,,,,,,,Trewern E P & A I,Trewern E P & A I,Trewern E P & A I,Trewern E P & A I,Trewern E P & A I,Trewern E P & A I,Trewern E P & A I,Trewern E P & A I,Trewern E P & A I,Trewern E P & A I,Trewern E P & A I,Trewern E P & A I,Trewern E P & A I,Trewern E P & A I,Trewern E P & A I,,,,,,,,,,,,,,,,,,,,,,,,,,,,,,Trotter Geo,,,,,,,,,,,,,,,,,,,,,,,,,,,,,,,,,,,,,,,,,,,,,,,,,,,,,,,,,,,,,,,,,,,,,,,,,,,,Trotter S E,Trotter S E,Trotter S E,,,,,,,,,,,,,,,,,,,,,,,,,,,,,,,,,,,,,,,,,,,,,,,,,,,,Trude & Webster,Trude & Webster,Trude & Webster,Trude & Webster,Trude & Webster,Trude & Webster,Trude & Webster,Trude & Webster,Trude & Webster,Trude & Webster,Trude & Webster,Trude & Webster,Trude & Webster,Trude & Webster,Trude & Webster,Trude & Webster,Trude & Webster,,,,,,,,,,,,,,,,,,,,,,,,,,,,,,,,,,,,,,,,,,,,,,,,,,,,,,,,,,,,Trude & Webster Oswell & Veal Pty Ltd,Trude & Webster Oswell & Veal Pty Ltd,Trude & Webster Oswell & Veal Pty Ltd,Trude & Webster Oswell & Veal Pty Ltd,,,,,,,,,,,,,,,,,,,,,,,,,,,,,,,,,,,,,,,,,,,,,,,,,,,,,,,,,,,,,Trude & Webster Pty Ltd,,,,,,,,,,,,,,,,,,,,,,,,,,,,,,,Trude J G,Trude J G,Trude J G,Trude J G,,Trude J G,,,,,,,,,,,,,,,,,,,,,,,,,,,,,,,,,,,,,,,,,,,,,,,,,,,,,,,,,,,,,,,,,,,,,,,,,,,,,,,,,,,Turner J R,,,,,,,,,,,,,,,,,,,,,,,,,,,,,,,,,,,,,,,,,,,,,,,,Van Den Broek J,Van Den Broek J,Van Den Broek J,Van Den Broek J,Van Den Broek J,Van Den Broek J,Van Den Broek J,Van Den Broek J,,,,,,,,,,,,,,,,,,,,,,,,,,,,,,,,,,,,,,,,,,,,,,,,,,,,,,,,,,,,,Van Den Broek J & Associates,Van Den Broek J & Associates,Van Den Broek J & Associates,Van Den Broek J & Associates,Van Den Broek J & Associates,Van Den Broek J & Associates,,,,,,,,,,,,,,,,,,,,,,,,,,,,,,,,,,,,,,,,,,,,,,,,,,,,,,,,,,,Van Hoof H J F,,,,,,,,,,,,,,,,,,,,,,,,,,,,,,,,,,,,,,,,,,,,,,,Vandenbroek J,,,,,,,,,,,,,,,,,,,,,,,,,,,,,,,,,,,,,,,,,,,,,,,,,,,,,,,,,,,,,,,,,,,,,,,,,,Veal Bullpitt Architects,,,,,,,,,,,,,,,,,,,,,,,,,,,,,,,,,,,,,,,,Voller,,,,,,,,,,,,,,,,,,,,,,,,,,,,,,,,,,,,,,,,,,,,,,,,,,,,,,,Voller R W,Voller R W,Voller R W,Voller R W,Voller R W,Voller R W,Voller R W,Voller R W,Voller R W,Voller R W,,Voller R W,Voller R W,Voller R W,Voller R W,,,,Voller R W,Voller R W,Voller R W,Voller R W,Voller R W,Voller R W,Voller R W,,,,,,,,,,,,,,,,,,,,,,,,,,,,,,,,,,,,,,,,,,,,,,,Voller R W & Kershaw J,Voller R W & Kershaw J,Voller R W & Kershaw J,,,,,,,,,,,,,,,,,,,,,,,,,,,,,,,,,,,,,,,,,,,,,,,,,,,,,,,,,Voller R W & Kershaw John,,,,Voller R W & Kershaw John,Voller R W & Kershaw John,Voller R W & Kershaw John,Voller R W & Kershaw John,Voller R W & Kershaw John,Voller R W & Kershaw John,Voller R W & Kershaw John,Voller R W & Kershaw John,Voller R W & Kershaw John,Voller R W & Kershaw John,Voller R W & Kershaw John,,,,,,,,,,,,,,,,,,,,,,,,,,,,,,,,,,,,,Voller Ronald J,Voller Ronald J,Voller Ronald J,Voller Ronald J,Voller Ronald J,Voller Ronald J,Voller Ronald J,,,,Voller Ronald J,Voller Ronald J,Voller Ronald J,Voller Ronald J,Voller Ronald J,Voller Ronald J,Voller Ronald J,Voller Ronald J,Voller Ronald J,Voller Ronald J,Voller Ronald J,Voller Ronald J,Voller Ronald J,,Voller Ronald J,,,,,,,,,,,,,,,,,,,,,,,,,,,,,,,,,,,,,,,,,,,,,Wakefield C A,,,,,,,,,,,,,,,,,,,,,,,,,,,,,,,,,,,,,,,,,,,,,,,,,,,,,,,,,,,,,Wakefield Clyde A,,,,,,,,,,,,,,,,,,,,,,,,,,,,,,,,,,,,,,,,,,,,,,,,,,,,,,,,,,,,Walduck B J,Walduck B J,Walduck B J,Walduck B J,Walduck B J,Walduck B J,Walduck B J,Walduck B J,Walduck B J,Walduck B J,Walduck B J,,,Walduck B J,Walduck B J,,,,,,,,,,,,,,,,,,,,,,,,,,,,,,,,,,,,,,,,,,,,,,,,,,,,,,,,,Walduck B J & Uscinski J A,Walduck B J & Uscinski J A,Walduck B J & Uscinski J A,Walduck B J & Uscinski J A,,,,,,,,,,,,,,,,,,,,,,,,,,,,,,,,,,,,,,,,,,,,,,Wall A E,Wall A E,Wall A E,,,,,Wall A E,Wall A E,Wall A E,,,,,,,,,,,,,,,,,,,,,,,,,,,,,,,,,,,,,,,,,,,,,,,,,,,,,,,,,,,,,,,,Walsh & Young Architects,Walsh & Young Architects,,,,,,,,,,,,,,,,,,,,,,,,,,,,,,,,,,,,,,,,,,,,,,,,,,,,,Walsh J F,Walsh J F,Walsh J F,Walsh J F,Walsh J F,Walsh J F,,,,,,,,,,,,,,,,,,,,,,,,,,,,,,,,,,,,,,,,,,,,,,,,Walsh V C,Walsh V C,Walsh V C,Walsh V C,Walsh V C,Walsh V C,Walsh V C,,,,,,,,,,,,,,,,,,,,,,,,,,,,,,,,,,,,,,,,,,,,,,,,,,,,,,,,Wardrop John,Wardrop John,,,,,,,,,,,,,,,,,,,,,,,,,,,,,,,,,,,,,,,,,,,,,,,,,,,,,,,,,,,Webster A B,Webster A B,Webster A B,Webster A B,Webster A B,Webster A B,Webster A B,Webster A B,Webster A B,Webster A B,Webster A B,Webster A B,Webster A B,,,,,,,,,,,,,,,,,,,,,,,,,,,,,,,,,,,,,,,,,,,,,,,,,,,,,,,,Welz F,Welz F,Welz F,Welz F,Welz F,,,,,,,,,,,,,,,,,,,,,,,,,,,,,,,,,,,,,,,,,,,,,,,,,,,,,,,,,,,White Des,,,,,,,,,,,,,,,,,,,,,,,,,,,,,,,,,,,,,,,,,,,,,,,,,,,,,,,,,,,Whiteoak K R,Whiteoak K R,Whiteoak K R,,,,,,,,,,,,,,,,,,,,,,,,,,,,,,,,,,,,,,,,,,,,,,,,Whitman W G M,Whitman W G M,Whitman W G M,Whitman W G M,Whitman W G M,Whitman W G M,Whitman W G M,Whitman W G M,Whitman W G M,,,,,,,,,,,,,,,,,,,,,,,,,,,,,,,,,,,,,,,,,,,,,,,,,,Wilde D K,Wilde D K,Wilde D K,Wilde D K,Wilde D K,Wilde D K,Wilde D K,Wilde D K,Wilde D K,Wilde D K,Wilde D K,Wilde D K,Wilde D K,Wilde D K,,,,,,,,,,,,,,,,,,,,,,,,,,,,,,,,,,,,,,,,,,,,,,,,,,,,,,,,,,Wilkinson J D,Wilkinson J D,Wilkinson J D,,,,,,,,,,,,,,,,,,,,,,,,,,,,,,,,,,,,,,,,,,,,,,,,,,,Williams G S,Williams G S,Williams G S,Williams G S,Williams G S,Williams G S,Williams G S,Williams G S,Williams G S,Williams G S,,,,,,,,,,,,,,,,,,,,,,,,,,,,,,,,,,,,,,,,,,,,,,,,,,,,,,Williams L P,Williams L P,Williams L P,Williams L P,,,,,,,,,,,,,,,,,,,,,,,,,,,,,,,,,,,,,,,,,,,,,,,,,,,,,,,,,,,Willis Heathwood & Partners,Willis Heathwood & Partners,Willis Heathwood & Partners,,,,,,,,,,,,,,,,,,,,,,,,,,,,,,,,,,,,,,,,,,,,,,,,,,,,,,,,,,,,,Willis Heathwood & Partners Pty Ltd,Willis Heathwood & Partners Pty Ltd,,,,,,,,,,,,,,,,,,,,,,,,,,,,,,,,,,,,,,,,,,,,,,,Willis N R,Willis N R,Willis N R,Willis N R,Willis N R,Willis N R,Willis N R,Willis N R,Willis N R,Willis N R,Willis N R,,,,,,,,,,,,,,,,,,,,,,,,,,,,,,,,,,,,,,,,,,,,,,,,,,,,,,,,,,,,,Willis Neville R,Willis Neville R,,,,,,,,,,,,,,,,,,,,,,,,,,,,,,,,,,,,,,,,,,,,,,,,Wilsen Don,Wilsen Don,Wilsen Don,Wilsen Don,Wilsen Don,Wilsen Don,Wilsen Don,Wilsen Don,Wilsen Don,Wilsen Don,Wilsen Don,Wilsen Don,Winsen Don,Winsen Don,Winsen Don,,,,,,,,,,,,,,,,,,,,,,,,,,,,,,,,,,,,,,,,,,Wilson Blair M,Wilson Blair M,Wilson Blair M,Wilson Blair M,Wilson Blair M,Wilson Blair M,Wilson Blair M,Wilson Blair M,Wilson Blair M,Wilson Blair M,Wilson Blair M,Wilson Blair M,Wilson Blair M,Wilson Blair M,Wilson Blair M,Wilson Blair M,Wilson Blair M,Wilson Blair M,,,,,,,,,,,,,,,,,,,,,,,,,,,,,,,,,,,,,,,,,,,,,,,,,,,,,,,,,,,,,Wilson Blair M & Associates,,,,,,,,,,,,,,,,,,,,,,,,,,,,,,,,,,,,,,,,,,,,,,,,,,,Wilson Fergus,Wilson Fergus,Wilson Fergus,Wilson Fergus,Wilson Fergus,Wilson Fergus,Wilson Fergus,Wilson Fergus,Wilson Fergus,Wilson Fergus,,,,,,,,,,,,,,,,,,,,,,,,,,,,,,Wilson R Martin,Wilson R Martin,Wilson R Martin,Wilson R Martin,Wilson R Martin,Wilson R Martin,Wilson R Martin,Wilson R Martin,Wilson R Martin M E,Wilson R Martin M E,Wilson R Martin M E,,,,,,,,,,,,,,,,,,,,,,,,,,,,,,,,,,,,,,,,,,,,,,,,,,,,,,,,,,,,,Wilson R Martin & Sons,Wilson R Martin & Sons,Wilson R Martin & Sons,Wilson R Martin & Sons,Wilson R Martin & Sons,Wilson R Martin & Son,Wilson R Martin & Son,Wilson R Martin & Son,Wilson R Martin & Son,Wilson R Martin & Son,Wilson R Martin & Son,Wilson R Martin & Son,Wilson R Martin & Son,Wilson R Martin & Son,,,,,,,,,,,,,,,,,,,,,,,,,,,,,,,,,,,,,,,,,,,,,,,,,,,,,,,,,,,,,,,,Window F J,Window F J,Window F J,,,,,,,,,,,,,,,,,,,,,,,,,,,,,,,,,,,,,,,,,,,,,,,,,,,,,,,,,,Wong W F S,Wong W F S,Wong W F S,,,,,,,,,,,,,,,,,,,,,,,,,,,,,,,,,,,,,,,,,,,,,,,,,,,,,,,Woodhouse R H,Woodhouse R H,Woodhouse R H,Woodhouse R H,Woodhouse R H,,,,,,,,,,,,,,,,,,,,,,,,,,,,,,,,,,,,,,,,,,,,,,,,,,,,,,,,,Woolard F,Woolard F,Woolard F,Woolard F,Woolard F,,,,,,,,,,,,,,,,,,,,,,,,,,,,,,,,,,,,,,,,,,,,,,,,,,Woolnough B M,Woolnough B M,,,,,,,,,,,,,,,,,,,,,,,,,,,,,,,,,,,,,,,,,,,,,,,,,,,,,,,,,,,,,,,,Worthington J,Worthington J,Worthington J,Worthington J,Worthington J,Worthington J,,,,,,,,,,,,,,,,,,,,,,,,,,,,,,,,,,,,,,,,,,,,,,,,,,,,,,,,,,,,Wright C A,,,,,,,,,,,,,,,,,,,,,,,,,,,,,,,,,,,,,,,,,,,,,,,,,,,,,,Wright Colin,Wright Colin,Wright Colin,Wright Colin,Wright Colin,Wright Colin,,,,,,,,,,,,,,,,,,,,,,,,,,,,,,,,,,,,,,,,,,,,,,,,,,,,,,Wyeth E D F,Wyeth E D F,Wyeth E D F,Wyeth E D F,Wyeth E D F,Wyeth E D F,Wyeth E D F,Wyeth E D F,,,,,,,,,,,,,,,,,,,,,,,,,,,,,,,,,,,,,,,,,,,,,,Young A H,Young A H,Young A H,Young A H,,,,,,,,,,,,,,,,,,,,,,,,,,,,,,,,,,,,,,,,,,,,,,,,,,,,,,,,,,,,,,,,,,,,,Young P A,Young P A,Young P A,,,,,,,,,,,,,,,,,,,,,,,,,,,,,,